Date,ABER_SG_20_15_USU_EXTI7_BIN,ACCBU_20_BAND_USU_L1_EXTI18_STF_BIN,AD_DIFF_USU_EXTI33_BIN,D_J_USU_L1_EXTI6_BIN,HILO_13_21_L2_EXTI7_STF_BIN,HILO_13_21_L4_EXTI38_STF_BIN,HWL_USU_EXTI39_BIN,K_D_USU_EXTI5_BIN,THERMO_20_2_0_5_USU_L5_EXTI32_BIN,THERMO_20_2_0_5_USU_L6_EXTI32_BIN,WCP_USU_EXTI4_BIN,WCP_USU_L1_EXTI20_BIN,WCP_USU_L3_EXTI13_BIN,ABER_SG_20_15_USU_EXTI7,ACCBU_20_BAND_USU_L1_EXTI18_STF,AD_DIFF_USU_EXTI33,D_J_USU_L1_EXTI6,HILO_13_21_L2_EXTI7_STF,HILO_13_21_L4_EXTI38_STF,HWL_USU_EXTI39,K_D_USU_EXTI5,THERMO_20_2_0_5_USU_L5_EXTI32,THERMO_20_2_0_5_USU_L6_EXTI32,WCP_USU_EXTI4,WCP_USU_L1_EXTI20,WCP_USU_L3_EXTI13,target,Close,Open,High,Low,Volume
2024-09-10,2,2,2,3,1,1,1,2,1,1,1,1,3,-103.40538671883606,0.006575284611217924,-51.0,50.061479741008405,-0.06076915447528464,-0.006499987382154515,-0.8859846545299265,-3.3487943148200046,-0.16841502586506252,-0.18614292332454274,-0.7124996185302734,0.0,2.1875,0,41.189998626708984,41.18000030517578,42.25,40.29999923706055,488330
2024-09-09,2,3,2,3,2,3,1,2,1,2,3,1,3,-94.86346418438924,0.2763180644345553,126.0,38.87543289385421,0.0,0.11851924068325115,-52.65931868783556,-3.8854467308155183,-0.18614292332454274,-0.07292441525344195,0.28750038146972656,0.0,4.625,0,42.04999923706055,42.31999969482422,42.880001068115234,41.0099983215332,436567
2024-09-06,1,1,2,3,2,2,1,1,2,2,1,1,3,-132.47865950596872,-0.13717000270529578,-115.9178466796875,19.05645938693219,-0.04023082439715964,0.0,-97.03982813858202,-5.149982305787239,-0.07292441525344195,-0.049350669490646315,-0.48999977111816406,0.0,1.9375,0,42.31999969482422,42.83000183105469,42.83000183105469,41.52000045776367,382287
2024-09-05,2,1,2,2,3,2,1,1,2,2,1,1,3,-54.68582699681347,-0.4042402839191004,211.41842536447803,2.604124531457032,0.03753852844238281,0.0,-20.408656607408197,-5.462500855837266,-0.049350669490646315,-0.1326704768054512,-0.31749916076660156,0.0,1.59375,0,42.77000045776367,40.900001525878906,43.86000061035156,39.349998474121094,866959
2024-09-04,2,2,2,1,3,2,1,1,2,2,1,1,2,-99.68903282856584,-0.011844021160422713,-467.0,-11.147613519736211,0.9218223243405959,0.0,-3.6420172061648173,-5.683849252531001,-0.1326704768054512,-0.05288579015339345,-0.470001220703125,0.0,1.25,1,41.099998474121094,41.0,41.81999969482422,40.5,938732
2024-09-03,1,1,2,1,2,3,2,1,2,2,1,1,3,-111.41646548680764,-0.19042424326692675,-123.19056967776851,-17.602332902638963,0.0,0.0056428455171131375,35.40666287159889,-7.82651418243708,-0.05288579015339345,-0.05845271543269803,-0.9575023651123047,0.0,3.875,1,41.41999816894531,42.47999954223633,42.47999954223633,41.04999923706055,1600989
2024-09-02,2,1,2,1,2,3,2,1,2,1,1,1,2,-74.01580430819877,-0.07284947985124024,-163.73926834663143,-29.54635293522847,0.0257143293108264,0.008619058699834703,27.29443154201927,-4.87654259118354,-0.05845271543269803,-0.26773063284666626,-0.8350000381469727,0.0,-1.5,0,42.959999084472656,42.11000061035156,43.310001373291016,42.11000061035156,40519
2024-08-30,2,1,2,1,3,3,1,1,1,2,1,2,3,-31.685663009808003,-0.43138669064568,36.7393564915983,-52.387488167736095,0.06623813084193486,0.005309536343529153,17.82043125048183,-5.2459517308776675,-0.26773063284666626,-0.10841280472526266,-0.7124977111816406,0.8000030517578125,1.5625,0,42.29999923706055,42.599998474121094,42.599998474121094,41.599998474121094,1021333
2024-08-29,3,2,3,1,3,3,2,1,2,2,2,1,3,57.18399601642531,0.03388562083682434,16209.109974214603,-59.585583893673345,0.10414287022182123,0.006357124873570541,35.652188725857314,-8.698261226687585,-0.10841280472526266,-0.010449678906869209,0.21500015258789062,0.0,4.75,0,42.779998779296875,42.63999938964844,43.29999923706055,42.529998779296875,612180
2024-08-28,3,1,3,1,3,2,1,1,2,2,2,1,3,23.13619771028018,-0.2409425211477041,17258.88895754647,-65.1192676025457,0.10366666884649334,0.0019047600882391436,-5.409470214806769,-20.181825612798004,-0.010449678906869209,-0.12092464510759232,-0.18250083923339844,0.0,2.1875,0,42.970001220703125,42.95000076293945,43.439998626708984,42.709999084472656,345930
2024-08-27,3,2,1,1,3,2,2,1,2,1,1,1,1,113.47213381059134,0.017918762847304315,-19994.453137998906,-57.12360917319861,0.08785711015973874,0.001761890593028781,40.71740264159144,-22.681672479143142,-0.12092464510759232,-0.3367785551189178,-0.4550018310546875,0.0,-5.125,0,43.2599983215332,43.529998779296875,43.79999923706055,42.70000076293945,409270
2024-08-26,3,2,3,1,2,2,2,1,1,2,3,1,2,116.25910441858336,-0.015333279705189717,5636.271225758566,-31.11503302055442,-0.0052380334763313385,-0.00040476662772004346,71.48422030415068,-21.761047239171376,-0.3367785551189178,-0.10660392934196178,0.5499992370605469,0.0,1.125,0,43.20000076293945,43.150001525878906,43.79999923706055,43.0,278891
2024-08-23,3,1,3,2,2,2,3,1,2,3,3,1,2,101.72512177018784,-0.09534035616327952,29809.579181145964,7.594185794197912,0.01638094584147254,-0.0025476046970913657,112.86986803150664,-16.377686109017766,-0.10660392934196178,0.1634246044115159,0.4400005340576172,0.0,-0.625,0,43.29999923706055,42.75,43.900001525878906,42.720001220703125,756433
2024-08-22,3,1,1,3,2,1,3,1,3,2,3,1,3,36.935165616478436,-0.22899189377526064,-25903.29572753905,23.107438123582515,0.027380988711399823,-0.00816665376935699,78.79609933941158,-10.80355128340075,0.1634246044115159,-0.0693728056504298,0.23000144958496094,-3.0,4.25,0,43.0,43.099998474121094,43.18000030517578,42.58000183105469,358106
2024-08-21,3,2,2,3,2,2,3,2,2,2,1,1,2,90.14733283632985,-8.232283209164137e-05,-1026.1195712296758,25.664440334948136,0.0085714431036088,-0.006091564129560467,96.3584726496212,-2.4393867860542002,-0.0693728056504298,-0.0610502062452119,-0.4400005340576172,0.0,-2.8125,0,43.060001373291016,42.560001373291016,43.27000045776367,42.400001525878906,649794
2024-08-20,3,3,3,3,1,2,3,2,2,1,2,1,2,80.8384437105617,0.07214001026787553,15841.574987738451,16.17805581501908,-0.057952426728746786,-0.005769216097317731,81.33916512084524,1.0101494319238498,-0.0610502062452119,-0.3174765437447079,-0.11249923706054688,0.0,-2.125,1,42.72999954223633,42.41999816894531,42.77000045776367,42.16999816894531,659806
2024-08-19,3,1,3,3,3,1,2,3,1,1,1,1,2,57.27674794580239,-0.1124947627011732,22528.328987699264,15.830276953837156,0.08514624375563429,-0.007423107440654775,65.78849535847746,4.768840626274141,-0.3174765437447079,-0.2102701272967824,-0.5749988555908203,0.0,-2.5,1,42.61000061035156,42.88999938964844,43.02000045776367,42.209999084472656,143305
2024-08-16,3,1,3,3,2,2,2,3,1,1,2,1,1,14.995721578398085,-0.21313592628613254,34367.19421155329,15.669685140929907,-0.014230728149414062,-0.005153839404766991,25.567232348259385,8.031288887132206,-0.2102701272967824,-0.21677882490696998,-0.10000038146972656,0.0,-3.5,1,42.68000030517578,42.66999816894531,43.060001373291016,42.380001068115234,710646
2024-08-15,2,2,1,2,1,1,1,3,1,2,2,1,1,-26.394965159903244,0.053481547435665355,-27799.165006569732,5.287960893283277,-0.06961543743426901,-0.010384632990910525,18.350862209349646,12.34685192275684,-0.21677882490696998,0.02602735141861212,0.19750213623046875,0.0,-6.5625,0,42.599998474121094,42.68000030517578,43.099998474121094,42.40999984741211,177045
2024-08-14,1,3,2,2,1,1,1,3,2,3,1,1,3,-137.35178806751432,0.14862270419614898,0.0,-8.505791645269113,-0.09484613858736424,-0.019961558855496442,10.145275378377772,14.565413489425481,0.02602735141861212,0.4818920726205713,-0.49249839782714844,0.0,3.375,0,42.41999816894531,43.0,43.72999954223633,41.84000015258789,251649
2024-08-13,1,2,2,2,1,1,2,3,3,3,1,1,1,-107.49400667308008,-0.00577391676926009,0.0,-6.132104839948788,-0.12653849675105278,-0.02250001980708216,30.87062757637014,16.510653245226365,0.4818920726205713,0.6263675539490525,-0.40250205993652344,0.0,-3.375,0,42.5099983215332,43.0,43.7400016784668,42.310001373291016,359587
2024-08-12,2,2,2,1,1,1,2,3,3,3,3,1,2,-101.10140987998953,-0.015614805065562898,-87.0,-12.42497841917774,-0.12492311917818455,-0.02976923722487257,62.07230181511299,16.54369804498028,0.6263675539490525,1.0204259806805318,0.8149986267089844,-0.1750030517578125,0.0,0,42.560001373291016,42.79999923706055,42.97999954223633,42.02000045776367,514565
2024-08-09,1,3,2,2,1,1,2,3,3,3,2,1,2,-151.92746384509687,0.14656995536333461,36.16703621580382,-6.513539350209896,-0.16753842280461484,-0.02519229742196849,38.30577984424106,17.98800588286496,1.0204259806805318,0.26846424180479833,0.1849994659423828,0.0,-2.4375,0,42.79999923706055,43.939998626708984,44.470001220703125,42.09000015258789,453624
2024-08-08,1,3,2,3,1,1,1,3,3,3,3,1,3,-159.5774960353662,0.4200380098626608,38.28021240234375,16.451309842445546,-0.22530761131873334,-0.03103846770066454,6.708466447597878,16.468339787698888,0.26846424180479833,0.39047363567898763,0.31500244140625,0.0,5.5,0,43.95000076293945,43.79999923706055,44.689998626708984,43.27000045776367,223175
2024-08-07,1,3,2,3,1,1,1,3,3,2,3,2,3,-234.66089729882563,0.4859176443770803,160.0,25.616515648766757,-0.13246140113243854,-0.035576930412879904,16.647973813819355,13.19205785931435,0.39047363567898763,-0.09967387635480315,0.5100021362304688,1.0250091552734375,2.0,0,43.5,44.81999969482422,45.0,42.91999816894531,554940
2024-08-06,1,3,2,3,1,1,1,3,2,3,2,1,2,-222.1619274252575,0.523615899553576,159.41354124993086,15.72709074997605,-0.17807696415827579,-0.032269221085768685,6.734262215443094,7.2855229055197555,-0.09967387635480315,0.21795913666048072,-0.09000015258789062,0.0,-2.375,0,44.95000076293945,43.9900016784668,45.0,43.779998779296875,439945
2024-08-05,1,3,2,2,1,1,1,2,3,2,2,1,1,-226.94343477647578,0.2059831631650102,66.94494100444717,8.294026890725881,-0.15269235464242925,-0.04115383441631604,10.577585888521087,-0.9781157671756979,0.21795913666048072,-0.13409779632262656,-0.06249809265136719,-1.125,-3.0,1,43.369998931884766,43.0,44.18000030517578,41.9900016784668,564967
2024-08-02,1,3,2,1,1,1,1,2,2,2,1,1,1,-157.2932862615044,0.548412859595155,-175.0,-25.132102154952776,-0.1624615009014434,-0.04469229624821569,21.526139902638814,-1.2105502271782775,-0.13409779632262656,-0.11696335383027145,-0.8050022125244141,0.0,-7.0625,0,43.310001373291016,43.43000030517578,43.9900016784668,43.08000183105469,621330
2024-08-01,1,3,2,1,1,1,1,2,2,2,1,1,2,-165.16512738280719,0.11747756337559778,470.1667202373501,-52.96198997999147,-0.2503846975473252,-0.039999998532808334,15.004293231983349,-2.7036970254134474,-0.11696335383027145,-0.11365028581240527,-0.625,0.0,1.25,1,43.560001373291016,43.650001525878906,44.04999923706055,43.27000045776367,385851
2024-07-31,1,3,3,1,1,1,2,2,2,2,3,2,1,-136.48002656390577,0.1675727727020515,942.4195292681397,-57.13317742313115,-0.25438470106858446,-0.04115383441631604,36.50847544456349,0.6216316415561494,-0.11365028581240527,-0.12561347379265847,0.49500083923339844,2.5,-8.4375,0,43.58000183105469,43.68000030517578,44.630001068115234,43.25,1841659
2024-07-30,1,2,3,1,1,1,2,1,2,2,1,1,3,-177.0131160430616,0.046796171380847795,4559.020000909921,-38.85177423282421,-0.24423071054311762,-0.04169229360727211,42.511712352729475,-10.659530328151863,-0.12561347379265847,-0.07633594471820143,-0.2749977111816406,0.0,2.0,0,43.20000076293945,43.779998779296875,44.650001525878906,43.11000061035156,1900227
2024-07-29,1,1,3,1,1,1,2,1,2,2,1,1,2,-241.58951828922775,-0.06708255521733975,2587.4027093664918,-13.210008738725815,-0.20038458017202743,-0.03640382106487561,32.94412509996439,-12.388229425757713,-0.07633594471820143,0.025003692679882616,-0.35500144958496094,0.0,-1.4375,0,43.88999938964844,43.619998931884766,44.150001525878906,43.04999923706055,3233098
2024-07-26,1,3,1,2,1,1,1,1,2,1,2,1,2,-225.4746065522799,0.35180053755518337,-35334.49334726436,-9.767296782651423,-0.17961546090932856,-0.026423050807072634,6.10494095417376,-12.587508100858564,0.025003692679882616,-0.2379893396696034,-0.11749839782714844,-1.5749969482421875,-1.25,0,43.70000076293945,45.400001525878906,45.59000015258789,43.02000045776367,872003
2024-07-25,1,3,3,3,1,1,1,1,1,2,3,1,3,-224.75993893884666,0.25750812652289623,6318.108786141442,18.24240728541939,-0.14773082733154297,-0.016384601593017578,21.206351121558278,-14.359985912750663,-0.2379893396696034,-0.138040849108509,0.5124988555908203,0.0,3.8125,0,45.599998474121094,46.75,46.79999923706055,45.040000915527344,764866
2024-07-24,1,2,1,3,1,2,1,1,2,2,2,1,2,-135.73773603404553,0.03348169854925098,-29177.492797851562,21.010530344009197,-0.11507694537823099,-0.0026922959547777126,15.900575929493948,-13.28812219442694,-0.138040849108509,-0.10569646480414152,0.0024967193603515625,0.0,-2.0625,0,46.560001373291016,45.59000015258789,48.0,45.40999984741211,949444
2024-07-23,1,2,1,3,3,2,2,1,2,1,1,1,3,-128.13379342134357,-0.01202794941137686,-25105.941021036648,24.866758753265774,0.8991392855242495,0.0008846062880296657,30.2368666005854,-8.873285398924686,-0.10569646480414152,-0.2730724084677354,-0.3025016784667969,-3.899993896484375,1.75,0,46.150001525878906,46.810001373291016,47.06999969482422,45.599998474121094,402475
2024-07-22,1,3,3,3,2,3,2,1,1,2,2,1,2,-122.92866064869877,0.15272139388574058,8675.550067760865,24.743813763648284,0.0,0.10452013312678599,63.77150581336949,-8.811196491030785,-0.2730724084677354,0.026308127483029298,-0.07500076293945312,-0.125,0.5,0,47.209999084472656,47.04999923706055,48.0,46.349998474121094,476538
2024-07-19,1,3,1,3,2,2,2,1,2,3,1,1,3,-124.12004888111589,0.18381215168935672,-7761.085002651671,23.645652706612754,0.0,0.0,67.74618567485439,-13.17521672329017,0.026308127483029298,0.34157740406019027,-0.6725006103515625,0.0,1.9375,0,46.59000015258789,46.0099983215332,47.02000045776367,46.0099983215332,235089
2024-07-18,2,2,3,3,3,2,3,1,3,1,2,1,1,-60.22489181828486,0.01077028988582951,23248.858700316865,18.38841805159582,0.08904756818499138,-0.0016905012584862433,96.46156313726047,-13.064929549713973,0.34157740406019027,-0.23184207972294762,-0.05500030517578125,0.0,-5.1875,0,46.560001373291016,46.900001525878906,48.459999084472656,46.15999984741211,630563
2024-07-17,2,2,1,2,3,2,3,1,1,1,3,1,2,-52.30587034335322,0.0465731908651299,-43649.13955078123,15.095399954263932,0.07476189022972335,0.0,104.65115622005096,-5.40159859517118,-0.23184207972294762,-0.2562465091674684,0.5375003814697266,-2.5,0.0,0,47.56999969482422,47.43000030517578,48.54999923706055,47.0,979815
2024-07-16,3,1,1,3,3,3,3,2,1,3,2,1,2,25.86836106598502,-0.07718387541724159,-7777.715069751808,27.658259648498436,0.08761905488513833,0.004619053431919262,107.34563925751011,1.1162277834546757,-0.2562465091674684,0.38865517407806127,-0.1574993133544922,-2.1500091552734375,0.875,0,48.59000015258789,47.4900016784668,49.0,47.40999984741211,947646
2024-07-15,2,3,3,3,3,3,3,3,3,2,2,1,1,-6.575825772145331,0.15952550120008135,34285.08389821788,60.91169014735889,0.034714290073939225,0.004000005267915441,126.14535753211256,4.603626717923831,0.38865517407806127,-0.08605875496635329,-0.057498931884765625,-0.649993896484375,-4.625,0,47.119998931884766,47.0,49.0,46.02000045776367,556728
2024-07-12,3,3,3,3,3,3,3,3,2,2,1,2,1,12.273940616448982,0.11568935869021901,45886.99999999974,61.09851111177185,0.07590475536527919,0.00609525044759085,105.89706688666071,11.63350810402369,-0.08605875496635329,-0.09511757127860099,-0.3549995422363281,1.024993896484375,-5.5,1,47.0,45.84000015258789,47.97999954223633,45.27000045776367,2273287
2024-07-11,3,2,2,3,3,2,3,3,2,3,2,1,2,53.35585485145442,0.04281412271332208,0.0,48.685829568142346,0.061904725574311925,-0.005047616504486818,116.58598699416736,13.345789315253612,-0.09511757127860099,0.16049505279733578,0.12000274658203125,0.0,-0.125,1,45.900001525878906,47.0,48.04999923706055,45.16999816894531,732127
2024-07-10,3,1,2,3,3,2,3,3,3,1,2,1,3,15.687768440711931,-0.15446509842775136,-60.0,38.792882348798216,0.061190468924387176,-0.0018928618658158314,124.19321953608757,15.613727523456085,0.16049505279733578,-0.19761073111873412,0.18249893188476562,-1.649993896484375,3.3125,0,46.91999816894531,46.900001525878906,47.0,45.65999984741211,387658
2024-07-09,3,1,2,2,2,1,3,3,1,3,1,1,3,18.371040617348925,-0.06921066281537591,-88.0,10.053878473230625,0.0171428862072176,-0.040776529591599164,84.06382229979717,14.381061734983696,-0.19761073111873412,0.3909631392898202,-0.22749900817871094,0.0,3.0,0,46.849998474121094,45.939998626708984,46.880001068115234,45.619998931884766,146471
2024-07-08,3,2,2,2,2,2,3,3,3,2,2,1,3,11.556227734678863,-0.030264301985279296,86.0,2.9964805707536897,0.02095245179675942,-0.0025769380422735466,82.71811366378112,9.084663830132463,0.3909631392898202,-0.06788284604809347,-0.1849994659423828,-0.2249755859375,2.6875,0,45.849998474121094,44.04999923706055,45.849998474121094,44.0099983215332,1258294
2024-07-05,3,2,2,1,1,1,3,2,2,2,1,1,2,68.2577507675721,0.03149924457290387,130.1709309486032,-10.977271165321483,-0.2227618248908101,-0.011846175560584982,74.87413640543315,1.8681198568136566,-0.06788284604809347,-0.121903408789998,-0.3049964904785156,-0.11248779296875,-1.0625,1,44.599998474121094,45.93000030517578,45.95000076293945,43.70000076293945,1000229
2024-07-04,3,1,3,1,3,1,3,3,2,3,2,1,3,47.04045152982029,-0.1193437626854319,610.0319332377112,-24.24542688239228,0.05653850848858255,-0.008230759547306121,76.96240295281322,6.3361433399942655,-0.121903408789998,0.13088965344263376,0.018751144409179688,0.0,2.25,1,45.9900016784668,44.619998931884766,46.209999084472656,44.11000061035156,152546
2024-07-03,3,2,3,1,1,1,3,2,3,1,3,1,1,19.519697978101892,0.039143829962346555,1012.0362224749115,-33.01678687934769,-0.05661538931039445,-0.015653830308180794,79.65101169562676,2.950383624171735,0.13088965344263376,-0.23033248830024688,0.342498779296875,-1.3499908447265625,-3.0625,1,44.5,43.72999954223633,45.189998626708984,43.31999969482422,404831
2024-07-02,2,1,2,1,2,1,3,1,1,1,1,1,1,-67.69272272680618,-0.1668212766840358,517.9085342887847,-38.40678917795758,0.005769289456878823,-0.014807701110839844,82.62117502861481,-4.999318240821204,-0.23033248830024688,-0.23895301338448338,-0.37000083923339844,-3.125,-3.9375,1,43.2599983215332,46.0,46.27000045776367,43.209999084472656,605138
2024-07-01,2,1,3,1,2,1,3,3,1,1,3,2,1,-72.21152126346237,-0.08094463530051632,811.5287841593381,-44.863461417319,-0.04300000117375191,-0.013807700230525022,87.04917540637078,4.857553376082151,-0.23895301338448338,-0.2797309621617974,0.4349994659423828,0.975006103515625,-3.0,0,45.91999816894531,46.20000076293945,46.22999954223633,45.29999923706055,414640
2024-06-28,2,1,3,1,1,1,3,2,1,1,2,1,2,-80.96697780748501,-0.07759715857490956,988.72958466626,-33.27381280480646,-0.18315388606144722,-0.007346153259277344,79.19588572720991,-2.7451515561951467,-0.2797309621617974,-0.23886382659988126,-0.15250015258789062,-4.9250030517578125,-2.8125,0,46.16999816894531,45.40999984741211,46.16999816894531,45.02000045776367,503461
2024-06-27,1,2,2,2,1,1,3,2,1,1,3,1,3,-111.61158171297153,0.04658827948639921,-1222.6148433857597,-1.3492544215306097,-0.1578461573674126,-0.02572806501563285,108.37009720800896,-3.511176516615876,-0.23886382659988126,-0.2640073872946056,0.2324981689453125,0.0,3.6875,0,45.779998779296875,46.20000076293945,46.5,45.38999938964844,709334
2024-06-26,1,2,3,2,2,3,3,2,1,1,2,1,2,-121.34364677546682,-0.046352871513138716,24387.61690866176,6.908181478857223,-0.021384605994594352,0.013843449044141032,122.96066637873646,-0.5606003331551719,-0.2640073872946056,-0.2996101385887746,-0.002498626708984375,0.0,-0.9375,0,45.900001525878906,45.599998474121094,46.29999923706055,44.66999816894531,534214
2024-06-25,1,2,1,2,2,2,3,2,1,1,2,1,1,-133.86268358541633,0.036340489890858585,-39594.648028681084,-5.4753572328787925,-0.03635532253391105,-0.004730793145987455,123.7903120644196,1.598600470124957,-0.2996101385887746,-0.2998980479139088,-0.19750022888183594,0.0,-5.0625,1,45.2599983215332,45.88999938964844,46.43000030517578,44.540000915527344,794592
2024-06-24,2,2,1,3,2,1,3,2,1,1,3,1,2,-97.41035016216597,-0.03835537538168543,-35252.98734719769,27.70869233185072,-0.024714333670477373,-0.017192327059231793,100.30620049793772,2.0554791467346902,-0.2998980479139088,-0.17521626348379393,0.3124980926513672,0.0,-0.5625,0,46.439998626708984,47.459999084472656,48.290000915527344,45.52000045776367,701772
2024-06-21,2,1,3,3,1,1,2,3,1,3,2,1,3,-95.25227163921618,-0.1709348949016669,11790.40720708447,37.64328342277551,-0.051969067080992914,-0.021500000586876844,46.592307772923654,7.91296758216621,-0.17521626348379393,0.07196491930738569,-0.1699981689453125,0.0,3.9375,0,47.93000030517578,48.11000061035156,49.27000045776367,47.33000183105469,4609992
2024-06-20,2,2,1,3,1,1,2,3,3,3,2,1,1,-14.008807917404932,-0.019084197352468024,-84276.21072708955,39.156723688125055,-0.19692303584172066,-0.026769234583928103,69.07643800669857,11.843578960566155,0.07196491930738569,0.6889151739713211,0.1999988555908203,0.0,-5.25,0,48.5,48.38999938964844,49.70000076293945,47.5,596076
2024-06-19,2,2,1,3,1,1,2,2,3,2,3,1,2,-57.793640573675226,-0.041036296800938565,-16727.247155083547,34.91569110915121,-0.22192294781024557,-0.027269216684194575,60.7491028924584,3.36096470076809,0.6889151739713211,-0.1448174392948557,0.3125,0.0,-1.875,0,49.0,48.5,49.5,48.5,51324
2024-06-18,1,3,3,3,1,1,2,2,2,3,3,2,3,-106.97707895008791,0.2055436864268798,34267.63521524877,18.787352775193114,-0.20561541043795017,-0.018269208761362066,52.30842099418753,-2.9067374809359876,-0.1448174392948557,0.7774386197267384,0.4250011444091797,1.649993896484375,4.1875,0,48.91999816894531,47.939998626708984,50.619998931884766,47.939998626708984,1054108
2024-06-17,1,2,3,1,1,1,2,1,3,3,3,1,2,-124.35807323145652,0.027068020695277806,40036.52848307291,-13.626888164501295,-0.17019235170804592,-0.025000022007868772,28.660867064949585,-8.495013584779073,0.7774386197267384,0.4217742639085004,0.5049991607666016,0.0,-0.75,1,47.939998626708984,48.09000015258789,48.47999954223633,47.470001220703125,487776
2024-06-14,1,2,1,1,2,1,2,1,3,2,2,1,1,-123.24785157724556,0.042541153659108044,-10896.409393310547,-18.866338249931758,-0.011846102201023001,-0.03892308015089707,28.01607441441172,-8.654396717454258,0.4217742639085004,-0.06507844515376271,0.00499725341796875,0.0,-3.5,1,48.40999984741211,48.43000030517578,49.150001525878906,47.52000045776367,849577
2024-06-13,1,2,3,2,1,1,1,1,2,2,2,1,3,-150.0853660515039,-0.05302625292486862,48096.0442392487,-1.1832994679743507,-0.08192311800443264,-0.0462692334101753,20.860670233582276,-4.591119063431634,-0.06507844515376271,0.0061961921984728385,0.17000198364257812,0.0,2.5625,1,48.18000030517578,48.630001068115234,49.099998474121094,47.70000076293945,379139
2024-06-12,2,3,1,2,1,1,1,2,2,3,2,1,1,-81.63799844642611,0.07210804588457131,-6758.583019073558,13.920108357729575,-0.15738472571739592,-0.039038474743183116,13.94131430573457,-0.23972843016937162,0.0061961921984728385,0.2099734229562068,-0.049999237060546875,0.0,-4.5625,0,48.77000045776367,49.5,49.54999923706055,46.79999923706055,615716
2024-06-11,1,2,3,2,1,1,1,2,3,3,2,1,3,-147.34125598609867,0.03346874764110508,20601.985850965022,9.72132007289251,-0.28115389897273246,-0.03446153494027904,12.467773619249197,1.6013639663990062,0.2099734229562068,0.27895088853054434,0.05500030517578125,0.0,4.875,0,48.79999923706055,48.540000915527344,49.0,47.90999984741211,654772
2024-06-10,2,3,3,1,2,1,1,3,3,3,3,1,1,-103.21239268238976,0.06056752629478046,32195.948825787375,-20.0669257363365,0.0,-0.025923068706806163,-9.327496414085273,3.5343333928072056,0.27895088853054434,0.08956413995481216,0.48999786376953125,0.0,-3.125,0,48.91999816894531,48.869998931884766,50.2400016784668,48.52000045776367,436283
2024-06-07,1,2,1,1,2,1,1,3,3,1,2,1,2,-124.45092706546343,-0.042363732914487695,-51831.928898115526,-40.65574769755155,0.0,-0.037961519681489975,1.2307666699019726,7.131246470414737,0.08956413995481216,-0.24475805583941818,-0.10000038146972656,0.0,-1.875,0,48.65999984741211,49.220001220703125,50.31999969482422,47.81999969482422,791784
2024-06-06,2,3,3,1,3,1,1,3,1,3,3,1,1,4.492819530406855,0.1382118225500384,48385.89898984894,-48.09104607678238,2.131954350314299,-0.033115350283109635,9.512904330176791,15.102968568584956,-0.24475805583941818,0.3232279382827483,0.3125019073486328,0.0,-4.75,0,49.400001525878906,50.540000915527344,51.810001373291016,49.02000045776367,1004585
2024-06-05,2,3,1,1,2,3,1,3,3,2,3,1,1,-76.97171331969136,0.09079752078302539,-62761.61997202557,-45.36860152130655,0.0,0.33218679497966885,-13.78701145182092,12.107194403465474,0.3232279382827483,-0.13493556821380448,0.2474994659423828,0.0,-4.125,0,51.099998474121094,49.93000030517578,51.9900016784668,49.650001525878906,1442724
2024-06-04,2,3,1,1,2,2,1,3,2,1,2,1,2,-100.1340733157254,0.13522887984016396,-67442.23581068194,-29.534058901651072,0.0,0.0,-58.82331911294151,4.4714434000354295,-0.13493556821380448,-0.14913931223631022,-0.027500152587890625,0.0,-1.9375,0,50.0,49.790000915527344,51.119998931884766,49.25,3509950
2024-06-03,2,3,1,2,3,2,1,2,1,3,1,2,1,-7.08000910155406,0.23645731258425773,-73166.644048055,7.56873891582115,0.22976194109235237,0.0,-113.83944771155569,-1.3551024276452637,-0.14913931223631022,0.07734931279144663,-0.7649993896484375,2.42498779296875,-3.9375,1,48.060001373291016,53.0,53.0,47.779998779296875,1374779
2024-05-31,2,1,1,2,3,2,1,2,3,2,1,1,1,-21.068795315847197,-0.11984748588213234,-47018.91064363897,4.559895494719676,0.2815713428315689,0.0,-113.83588062033229,2.7042152870065017,0.07734931279144663,0.038616345716862066,-0.3275012969970703,-1.29998779296875,-5.5,0,53.599998474121094,53.560001373291016,53.79999923706055,52.5,9741711
2024-05-30,3,1,3,1,3,2,1,2,2,1,1,1,2,85.88838614041252,-0.30928196205959546,43446.45454545454,-24.778335183797658,0.2069047292073556,0.0,-88.62506945766029,1.3026026533415873,0.038616345716862066,-0.20731877578662616,-0.3074970245361328,0.0,-1.625,0,53.38999938964844,52.650001525878906,53.88999938964844,52.209999084472656,1128081
2024-05-29,3,1,3,1,3,2,1,2,1,1,1,1,3,183.89800069707687,-0.20337478678266097,49476.10513141425,-53.42591029278855,0.17042859395344934,0.0,-2.792743852401688,-2.910603478720917,-0.20731877578662616,-0.2760168048167973,-0.28749847412109375,0.0,2.25,0,52.650001525878906,51.65999984741211,53.0,51.5099983215332,1193495
2024-05-28,3,2,3,1,3,2,2,1,1,2,3,1,1,178.75880435194208,-0.01036523104219178,11930.76970506148,-29.217106455535315,0.14547620500837155,0.0,46.64805512951756,-9.145460615689311,-0.2760168048167973,-0.05507120532382859,0.4200000762939453,0.0,-3.9375,1,51.869998931884766,51.5099983215332,52.45000076293945,51.5099983215332,591636
2024-05-27,3,2,1,1,3,3,2,1,2,2,3,1,3,139.8618761569755,-0.04712313447336358,-6469.654073612153,-13.010909399081033,0.14095242818196496,0.02788094111851258,49.266642478193795,-10.501265419984462,-0.05507120532382859,0.04850682569471576,0.36499977111816406,0.0,2.375,1,52.900001525878906,52.04999923706055,53.0,51.720001220703125,119303
2024-05-24,3,3,1,2,3,3,2,1,2,3,3,1,2,91.29976225620238,0.07735196586549975,-31890.998319327715,2.943368262162682,0.18876193818591958,0.027928556714739372,49.91914182804387,-14.51648181112503,0.04850682569471576,0.06923780734679108,0.3099994659423828,0.0,-1.6875,1,52.13999938964844,52.20000076293945,52.349998474121094,51.5099983215332,864909
2024-05-23,3,2,1,2,3,3,3,1,3,3,1,1,3,91.51074183999783,-0.03425863596827483,-61875.357078218054,3.241036155799616,0.22166669936407146,0.02142856234595847,95.17525704157,-15.219949156298707,0.06923780734679108,0.37340099759382167,-0.33749961853027344,0.0,5.3125,0,52.34000015258789,52.5099983215332,53.5,52.34000015258789,449742
2024-05-22,3,1,1,2,3,3,2,1,3,2,2,1,3,199.06134711064095,-0.11445841781391186,-50545.61268872457,-5.051567749316291,0.13500004722958536,0.025690464746384478,71.82004152847652,-13.494018057992452,0.37340099759382167,-0.056043634238407636,-0.13000106811523438,0.0,2.375,0,52.93000030517578,51.59000015258789,53.650001525878906,51.59000015258789,768223
2024-05-21,3,1,1,2,3,3,2,1,2,1,2,1,2,266.16665470854116,-0.23727054219522703,-19757.421811510954,-0.09198466054448673,0.06076186043875609,0.0278095063709074,28.784327150066364,-11.940551314981114,-0.056043634238407636,-0.20256796415823997,0.18000030517578125,0.0,0.6875,1,51.63999938964844,55.650001525878906,55.650001525878906,51.20000076293945,1679014
2024-05-20,3,1,3,3,3,3,2,2,1,1,2,1,1,306.2199968829466,-0.22610031670199504,50427.15893338778,18.183892343634053,0.06066667465936604,0.025404771169027285,27.630542036284318,-2.450421968330197,-0.20256796415823997,-0.2707659077538441,-0.04249763488769531,0.0,-3.6875,0,53.250003814697266,51.61459315675963,53.33507935491041,51.61459315675963,721072
2024-05-17,3,1,3,2,3,3,2,2,1,1,3,1,2,254.24673451523384,-0.13678209260300012,31481.186579168494,13.179296226211132,0.05709520975748816,0.020500001453217287,29.266381424678414,-0.7392524513891559,-0.2707659077538441,-0.20551758225424877,0.24499893188476562,0.0,0.0,1,51.37826156616211,51.04740022934508,51.624047364470286,51.04740022934508,492716
2024-05-16,3,1,3,2,2,3,2,2,1,1,2,2,2,179.17321717005785,-0.12158660488993522,50841.97920136189,13.258338518106694,0.015238080705913148,0.01976190294538238,38.556726178527676,-2.9976011927871866,-0.20551758225424877,-0.1959010119652223,0.10250282287597656,2.07501220703125,0.0,1,51.104122161865234,51.17029443091289,51.50115577615118,50.80161933018503,805146
2024-05-15,3,2,1,2,2,3,2,2,1,1,3,1,3,159.72009471858487,-0.046400217441839864,-29846.21881970097,12.494290855679406,-0.0016189756847566628,0.025309517270042825,28.22801731817081,-3.3204707193299967,-0.1959010119652223,-0.1696471711194562,0.4099998474121094,0.0,2.5,1,51.16083908081055,48.8731609703011,51.520062544965604,48.54229601964416,1778058
2024-05-14,3,1,2,3,2,2,1,2,1,3,1,1,1,65.30847464871125,-0.4489465329708411,0.0,27.178340296014227,0.0047142392113102005,0.0,16.444730914335686,-2.967346997209269,-0.1696471711194562,0.10937023192060102,-0.2550010681152344,0.0,-6.25,1,48.409950256347656,50.385673850008416,50.385673850008416,47.48353490897287,949260
2024-05-13,3,1,2,2,2,3,2,3,3,3,3,1,1,32.74827132172627,-0.1875826644724432,0.0,9.000227533133476,-0.014809563046409124,0.019619056156703785,60.36772018427322,4.876192560453411,0.10937023192060102,0.5115078879122432,0.24250221252441406,0.0,-4.8125,1,50.026451110839844,50.42348832603539,51.46334134552981,49.695589769942025,850603
2024-05-10,3,1,2,1,3,3,2,3,3,2,1,1,2,32.71763502203141,-0.1882929233507289,134.73885509125466,-11.800719054482435,0.10774384662781955,0.01661904652913382,61.40519340538816,5.323739729272397,0.5115078879122432,0.034100823481953035,-0.39499855041503906,0.0,-1.5,1,50.19660949707031,50.17770622565599,51.63349973447618,49.941375665677086,911697
2024-05-09,3,1,2,1,1,3,3,3,2,1,2,2,3,14.959279849773571,-0.06858971663998581,-196.0,-18.81045377656792,-0.05992317199707031,0.03288091932024262,87.20129920436335,4.015574027800739,0.034100823481953035,-0.1654346161515256,-0.0475006103515625,1.1999969482421875,9.0,0,49.96027755737305,48.24924665829382,50.65036594683772,47.871116330322884,788646
2024-05-08,2,1,2,1,1,2,3,1,1,1,3,2,3,-69.38298680137821,-0.20909437819566534,-395.0,-27.248102868717666,-0.07200006338266363,0.0,118.06006329979031,-4.190942903896108,-0.1654346161515256,-0.18284878627273882,0.4549999237060547,5.350006103515625,2.125,1,48.59901428222656,48.249246077043786,49.563243361430295,47.54025442522792,1316058
2024-05-07,2,3,2,2,1,3,3,2,1,2,2,1,3,-79.45183767949503,0.08170365411923708,407.0,6.631918819897052,-0.12769229595477682,0.02188096727643707,85.01061630497054,-3.3525210944326673,-0.18284878627273882,-0.09272102693302714,0.009998321533203125,0.0,6.0625,1,48.022369384765625,49.15675680140633,49.15675680140633,47.8616663338516,584424
2024-05-06,2,1,2,3,1,3,3,2,2,1,2,1,3,-74.38359894493401,-0.1286782618161677,158.0,19.361688922189618,-0.1485384427584151,0.02371429261707103,81.88868320272536,-1.6000942911810299,-0.09272102693302714,-0.2274811350312405,-0.009998321533203125,0.0,3.5625,1,48.750267028808594,47.682051901031784,49.04331821780736,47.26611141874931,565510
2024-05-03,1,1,2,3,1,3,3,2,1,3,1,1,1,-189.82996869728962,-0.23268247663759922,-361.0,16.847596438973348,-0.19115374638483829,0.027642851784116296,92.68591331563253,-1.8012343064220815,-0.2274811350312405,0.07669848233389209,-0.342498779296875,0.0,-3.25,1,47.65369415283203,47.833304080902934,48.504485614469324,47.351191323387255,930628
2024-05-02,1,3,2,2,3,3,2,2,3,1,2,1,2,-182.0745420877187,0.5087284883081002,67.50128745541588,3.031528359392418,1.237278061472015,0.05669045448303223,60.64259012226594,-2.4881536795799235,0.07669848233389209,-0.22772799320990872,-0.10250282287597656,-0.350006103515625,-1.8125,0,47.8238525390625,47.96565231831987,48.4099513214978,46.88798192942388,5388543
2024-04-30,1,2,2,1,2,3,3,3,1,3,2,2,3,-210.45053469088194,0.007462136075315762,-2062.501966955155,-51.79794805387839,0.0,0.022714285623459674,88.56004688738334,4.061016841039553,-0.15794936091621492,0.2785493905662888,-0.09749984741210938,3.5749969482421875,2.125,1,47.266109466552734,47.75767743773904,48.15471102632146,46.80290000708861,345450
2024-04-29,2,3,1,2,2,3,3,3,3,2,1,1,2,-89.29436060039325,0.11800566207483865,-25249.21754584377,-6.337085067625569,0.0,0.02047619365510478,117.63764404114899,16.775151067907743,0.2785493905662888,-0.051504620953049196,-0.26250267028808594,0.0,-2.375,0,47.738773345947266,48.11690368618422,48.68409559042147,47.45517739382864,966685
2024-04-26,2,3,3,1,2,3,3,3,2,1,2,2,3,-92.8294532966067,0.1657260066087325,5185.623498474122,-13.016731654194249,0.0,0.020999999273390912,116.0507411470359,19.05519955178992,-0.051504620953049196,-0.2756761600007386,-0.027500152587890625,2.0749969482421875,2.0,0,48.022369384765625,46.60438601549429,48.74081631128929,46.131724892403845,520690
2024-04-25,2,3,3,1,2,3,3,3,1,1,3,2,3,-59.928948345397956,0.05898598319225545,37451.60767186707,-27.47836201329336,0.0,0.020119053976876522,123.19798558788855,17.45538132856006,-0.2756761600007386,-0.33594470315871106,0.3299999237060547,0.350006103515625,2.625,1,46.50985336303711,46.80290093965332,47.360641186716535,46.31133656479039,856356
2024-04-24,2,3,1,1,2,3,3,3,1,3,2,1,3,-43.837560373266435,0.17832277881362302,-25588.213510080754,-16.49816975036252,0.0,0.017380941481817125,129.3038234831662,11.821799801944664,-0.33594470315871106,0.06619269650879306,-0.13250160217285156,-3.0749969482421875,4.0625,0,47.83330154418945,46.72727630883429,48.37213490594473,46.368052865624776,1436182
2024-04-23,2,3,3,2,3,3,3,3,3,2,3,1,1,-26.31001670372558,0.2689525557395216,31794.351058574965,-10.391372206682194,0.16723805382138224,0.011833349863688447,149.05720625249302,12.048100348999423,0.06619269650879306,-0.05183965122712347,0.6025009155273438,0.0,-3.5625,1,46.632747650146484,46.566571775973195,47.26611181756514,46.093910657797544,856739
