Date,D_J_USU_L1_EXTI5_BIN,D_J_USU_L4_EXTI21_BIN,HWL_USU_L4_EXTI11_BIN,HWU_USU_L1_EXTI37_BIN,K_J_USU_L5_BIN,LDECAY_5_L3_EXTI8_STF_BIN,PVOh_12_26_9_L1_EXTI21_BIN,PVOh_12_26_9_L5_EXTI26_BIN,SMIo_5_20_5_L2_EXTI22_BIN,WCP_USU_L1_EXTI5_BIN,D_J_USU_L1_EXTI5,D_J_USU_L4_EXTI21,HWL_USU_L4_EXTI11,HWU_USU_L1_EXTI37,K_J_USU_L5,LDECAY_5_L3_EXTI8_STF,PVOh_12_26_9_L1_EXTI21,PVOh_12_26_9_L5_EXTI26,SMIo_5_20_5_L2_EXTI22,WCP_USU_L1_EXTI5,target,Close,Open,High,Low,Volume
2024-09-10,2,1,2,1,2,2,1,1,2,1,11.656340192446555,-54.16121797079926,51.83521882365552,-88.24651785688128,2.552015221114992,-3.699951171875,-19.78801397908675,-17.67103138168017,0.008838461653042973,-81.724609375,0,30.899999618530273,30.309999465942383,30.989999771118164,29.950000762939453,992715
2024-09-09,3,1,2,1,2,1,1,1,3,1,15.449946917361718,-63.30931914917695,36.19364403927103,-113.03463302113875,0.03588706544295661,-34.800048828125,-19.687521410594094,-14.070759785572616,0.020296483968219425,-167.6513671875,1,30.239999771118164,30.200000762939453,30.950000762939453,29.81999969482422,568909
2024-09-06,3,1,2,1,3,1,1,1,3,1,16.3875025675118,-65.83525185643816,54.04081245619845,-79.97181118015014,18.503620352023816,-34.800048828125,-19.077993573595602,-8.853884959679396,0.038303907987515165,-106.0322265625,1,29.90999984741211,30.170000076293945,30.329999923706055,29.610000610351562,1041966
2024-09-05,3,1,2,1,3,2,1,2,3,2,17.051547757593,-57.0020025719488,26.186462341118357,-108.94469066608697,30.245225070840398,-0.1999999999998181,-17.784776901367263,-1.536341557513909,0.046371212400908884,-18.982421875,1,30.010000228881836,30.139999389648438,30.469999313354492,29.899999618530273,1355495
2024-09-04,3,1,1,1,3,3,1,3,3,1,23.479542547311237,-25.670288083650487,-2.9381495538264484,-128.72154497004598,19.16554408331759,12.60009765625,-15.70246869473338,6.318329537807541,0.04532877868388163,-197.84375,1,29.920000076293945,30.540000915527344,30.59000015258789,29.790000915527344,2165445
2024-09-03,3,2,1,1,3,2,1,3,3,2,14.62962777355062,1.1580250975771555,-25.093482913001548,-118.12921952814102,23.83001278279192,0.5000488281248181,-12.608802100107555,13.457415717254687,0.04472834775650758,39.51171875,0,30.329999923706055,30.649999618530273,30.649999618530273,30.1299991607666,1622655
2024-09-02,3,2,1,1,3,1,1,3,3,2,15.737855192633003,7.065556814278398,-65.94164685630999,-100.30967668469253,17.66944448686688,-17.400146484375,-8.187275820927002,14.007999272960916,0.06731560581982349,-4.90234375,0,30.610000610351562,30.350000381469727,30.959999084472656,29.90999984741211,259705
2024-08-30,3,3,1,2,2,2,2,3,1,3,26.094783680062754,23.02951977038807,-49.29005999834369,-59.25959452013877,3.1031744954925244,-0.1999999999998181,-2.019886151614799,7.230993138056562,-0.07128361154402357,124.6904296875,0,30.299999237060547,29.979999542236328,30.389999389648438,29.799999237060547,2403647
2024-08-29,3,3,1,2,2,2,2,2,1,1,60.54547683839401,18.951926044255213,-31.52941853481336,-67.52194269948718,2.1146434315061953,0.400146484375,0.20236745635361642,2.175425877389899,-0.062024347431425764,-120.3369140625,1,30.049999237060547,30.31999969482422,30.530000686645508,29.959999084472656,1385824
2024-08-28,3,2,1,3,2,3,2,2,1,1,68.04501743742942,-0.5178979335836296,-62.901278419415746,-26.858925380152318,0.34280121624460946,48.09990234374982,-0.6477974399859656,-3.076249194993738,-0.05250920513080992,-228.03125,0,30.440000534057617,30.6200008392334,30.649999618530273,29.93000030517578,1417750
2024-08-27,3,1,1,3,2,2,2,1,2,1,65.28314171751413,-16.278022370144047,-44.28330454230383,-11.185499742412816,-0.18931516708386198,-0.1999999999998181,-2.086522767282471,-8.983150221756306,-0.011156394486183885,-124.7333984375,0,30.329999923706055,30.3799991607666,30.6299991607666,29.959999084472656,1059856
2024-08-26,3,1,1,3,2,3,2,1,3,2,49.13305832705329,-13.383082474154687,-9.949164443146298,-4.8074313785472675,-5.527086138441817,2.899951171874818,-2.9442718630507274,-9.426266420926426,0.023814578764929983,-41.7646484375,0,30.25,30.399999618530273,30.639999389648438,30.209999084472656,765443
2024-08-23,3,1,1,3,1,2,2,1,2,1,32.41065385020225,-11.952268518211365,14.70471577002717,-22.328531352438542,-16.07110625807799,-0.1999999999998181,-3.7306368453981924,-7.434149193142908,0.007048481197110934,-194.4130859375,0,30.639999389648438,30.459999084472656,30.899999618530273,30.260000228881836,1186648
2024-08-22,2,3,2,3,1,3,1,1,2,2,7.318160358162615,12.181055938139863,30.649406845421684,10.78064363538033,-23.613283648006856,25.0,-4.257387932131571,-6.770726765187814,-0.00811113691328122,-9.08984375,0,30.549999237060547,30.559999465942383,30.920000076293945,30.059999465942383,1532571
2024-08-21,2,2,2,3,1,3,2,1,2,2,-3.030448295771535,3.846479717835578,57.23877568277086,33.885142607654394,-26.626177031633475,6.0,-2.2436657948352168,-8.402120320919797,-0.017003106835084464,-35.255859375,0,30.610000610351562,30.360000610351562,30.739999771118164,30.059999465942383,447295
2024-08-20,1,1,3,3,1,3,2,1,1,2,-14.306521878822409,-13.911887443845028,81.38484854316104,53.04712242997993,-26.854134247778873,40.80009765624982,-0.8828206175365185,-9.703577693786793,-0.03275338766098537,-27.6728515625,0,30.520000457763672,30.420000076293945,30.6200008392334,29.899999618530273,5263242
2024-08-19,1,2,3,3,1,2,2,1,1,1,-24.093866661396632,-6.4878026722749205,99.73226911098392,58.17776949634559,-27.203708941663365,-0.1999999999998181,-0.7131686386989866,-8.867574016868392,-0.03477747247653634,-45.4248046875,1,30.280000686645508,30.729999542236328,30.729999542236328,30.020000457763672,1937365
2024-08-16,1,1,3,3,1,3,2,2,1,3,-37.04055576827052,-11.942149073051493,83.24075973263275,43.64653912625558,-32.28461539058543,15.300097656249818,0.4481370548959758,-6.0271906472408325,-0.02530496005808827,134.8330078125,0,30.639999389648438,31.0,31.0,30.270000457763672,762525
2024-08-15,1,3,3,3,1,1,2,2,1,3,-43.69624046827644,19.015011232488508,103.38719944128952,-15.035654045383307,-35.13528505541145,-5.10009765625,1.1734673699509939,-2.3499380620914927,-0.04378166439432722,62.7314453125,0,30.8799991607666,30.0,31.020000457763672,30.0,1311231
2024-08-14,1,3,3,3,1,2,3,2,2,3,-49.53195973567908,15.721448805535278,168.5911191359483,9.697515341113792,-13.377651883538825,-0.1999999999998181,3.9418148346494437,0.7281264788624746,-0.017158690058336645,108.109375,0,30.219999313354492,30.209999084472656,30.290000915527344,29.690000534057617,2647143
2024-08-13,1,2,3,3,2,3,3,3,2,3,-49.63109413494083,3.7838759170685314,156.8737816236894,22.17769881290864,-1.9619659036200936,22.599902343749818,4.770211825392119,4.521931945426761,-0.021405028818507338,72.16796875,1,30.06999969482422,29.520000457763672,30.329999923706055,29.520000457763672,978902
2024-08-12,1,2,3,3,1,2,2,3,1,3,-53.96401764859488,-6.258474166511949,80.53335606861751,-7.206416497349213,-11.974472674278303,-0.1999999999998181,3.367162778352297,9.06264092242446,-0.026016419864090437,53.369140625,1,29.559999465942383,29.510000228881836,29.920000076293945,29.09000015258789,776913
2024-08-09,1,2,2,3,1,1,3,3,1,2,-49.405019363096656,-2.481697870064547,61.381891622349286,-15.313731235878494,-10.131958601985708,-45.69990234375018,3.917472453608358,8.632757150971184,-0.030344724640648996,5.3076171875,1,29.56999969482422,29.889999389648438,29.950000762939453,29.049999237060547,981057
2024-08-08,1,3,2,2,1,1,3,3,1,2,-39.57617357794304,14.911734588500043,56.527621283037725,-65.20975916504848,-10.380139513225838,-79.60009765625,4.34104130406362,3.9822432939838883,-0.03025437378785123,2.6943359375,0,29.950000762939453,29.049999237060547,30.0,29.020000457763672,1368250
2024-08-07,1,3,3,2,1,1,2,2,1,3,-21.85656871655927,30.080928735050147,73.81747650275875,-68.81231042174176,-10.161384399526288,-74.89990234375,1.3115132798187552,0.9267462398204867,-0.024893686168749957,117.70703125,1,28.81999969482422,28.799999237060547,28.860000610351562,28.049999237060547,2189561
2024-08-06,2,3,2,1,2,2,2,2,2,3,2.9343473015270973,35.26281195245391,73.6016889997904,-86.87412603581936,1.932671153387684,-0.1999999999998181,3.4665169327519707,-4.910612232267951,-0.005860862368234056,42.169921875,1,28.239999771118164,28.81999969482422,29.360000610351562,28.040000915527344,4745172
2024-08-05,2,3,1,2,2,3,2,2,2,3,3.6316506815348326,28.26925347166931,14.047297467299087,-42.82736164918186,5.660831804162777,13.89990234375,2.6313029319765473,-3.6847664117029275,0.00428152877970072,92.681640625,1,28.889999389648438,28.700000762939453,29.170000076293945,28.440000534057617,6238720
2024-08-02,2,2,2,2,3,1,3,2,2,1,8.111091076240346,6.3682667567589775,20.860100396541696,-45.92544605903914,8.96651311848695,-17.899853515625182,4.527106218834076,-0.8290869624251407,0.014429175199791757,-151.5703125,0,28.709999084472656,28.459999084472656,28.93000030517578,28.139999389648438,7413743
2024-08-01,2,2,1,2,3,2,3,2,3,3,-1.8648949246684445,-6.536456514617747,3.7912711770088077,-31.506006696047752,18.33969357114656,-0.1999999999998181,6.9269006678880025,1.576045924224827,0.03080186239147195,170.1181640625,0,28.719999313354492,29.0,29.68000030517578,28.450000762939453,4091003
2024-07-31,3,1,1,2,3,3,3,2,2,1,31.97859098445559,-47.399508208099405,-12.747143847736607,-54.06368884710687,15.944285646843259,36.89990234375,7.036509252950037,-0.5533452213098382,0.0030096044078810405,-137.6669921875,0,29.0,29.0,29.40999984741211,28.75,2442311
2024-07-30,3,1,1,1,3,1,3,2,3,1,37.16468827727314,-38.35688208179288,-7.130428317926356,-94.10672370486027,17.426689793058962,-21.499951171875182,9.299520664911977,-3.6313230355377772,0.0401194728978969,-160.6142578125,1,28.479999542236328,28.520000457763672,29.530000686645508,28.469999313354492,2411498
2024-07-29,3,1,1,1,3,2,3,2,3,2,37.76252430257569,-25.296752777155067,16.860922577578755,-108.04795737748647,20.276803942649497,-0.1999999999998181,10.64409024653207,-1.7020744603980678,0.02625350737598403,-19.361328125,1,28.329999923706055,28.549999237060547,29.389999389648438,28.200000762939453,1607437
2024-07-26,3,2,1,1,3,3,3,2,3,2,43.07995773825199,-5.764599228826494,11.440973863791912,-127.88433916886514,24.899059595139125,23.300048828125,10.899191143183712,1.319534572201995,0.0658138161502882,-32.375,1,28.540000915527344,29.489999771118164,29.489999771118164,27.700000762939453,1567392
2024-07-25,3,3,1,1,3,3,3,3,3,1,39.86436658328083,23.926221643514747,-20.76255244321514,-83.51161816298858,22.517032847306744,21.899951171874818,13.541008094550056,4.252409309418322,0.04556102420889435,-163.9951171875,0,29.229999542236328,30.350000381469727,30.350000381469727,29.209999084472656,1236490
2024-07-24,3,3,1,1,2,1,3,3,2,1,26.619856196774066,16.725757381450354,-18.291992118308706,-91.0662008113193,7.891225430205871,-43.89990234375,14.058466246820247,7.801909733505445,-0.01058426214567848,-46.71875,0,29.899999618530273,30.549999237060547,30.549999237060547,29.600000381469727,663567
2024-07-23,3,2,1,1,2,1,3,3,2,3,26.433589473092354,1.1642820693851306,15.18302490430963,-102.44385607557697,5.341825262285134,-23.300048828125,14.31753401755327,11.374214198491359,0.0007629848815767781,69.4091796875,0,30.299999237060547,30.399999618530273,30.600000381469727,29.920000076293945,3897538
2024-07-22,3,2,2,1,2,2,3,3,3,3,39.52565016987052,10.728805957570025,48.152504748898394,-113.18245022039324,-4.9407761570270665,-0.1999999999998181,12.91741143246407,11.86619009299121,0.025883698143677386,168.5146484375,0,30.399999618530273,30.200000762939453,30.790000915527344,30.09000015258789,708394
2024-07-19,3,3,2,1,1,3,3,3,1,1,39.19478864914193,14.566783216593521,57.291751500568,-79.59473303977319,-8.492831525223778,76.599853515625,13.803827734095655,15.493221661386363,-0.060259894927650215,-219.7275390625,0,30.200000762939453,30.459999084472656,30.6299991607666,29.829999923706055,728782
2024-07-18,3,1,3,1,1,3,3,3,1,1,16.204795785513525,-15.439463754752012,105.48958748264496,-74.67631745284322,-13.444296159799364,40.60009765625,14.118300958887541,17.88875772834991,-0.06596564498173668,-116.5849609375,0,30.510000228881836,31.5,31.790000915527344,30.290000915527344,1059489
2024-07-17,2,1,3,2,1,3,3,3,1,2,-3.348683350364027,-38.61746302540098,114.61012282446785,-29.065693255039886,-34.06808394436605,21.39990234375,13.805902778713161,15.19271037072694,-0.07494347716327986,23.220703125,0,31.59000015258789,31.299999237060547,31.780000686645508,30.760000228881836,1737621
2024-07-16,1,1,3,2,1,3,3,3,1,1,-13.810880153771507,-17.145341659756955,158.8996862607988,-42.633880540338815,-15.99123455994723,76.300048828125,10.38443459098242,19.730025525080762,-0.07374921335627715,-184.8837890625,0,31.520000457763672,31.989999771118164,31.989999771118164,30.950000762939453,963456
2024-07-15,1,2,3,2,1,3,2,3,1,3,-34.90052431207107,-8.552581125335035,162.3082385986341,-29.19240458204361,-13.57392620532083,12.800097656249818,3.480683063380191,24.45717705040243,-0.05382144512044965,155.740234375,0,31.920000076293945,31.25,32.150001525878906,31.25,424024
2024-07-12,1,2,3,3,2,2,1,3,1,2,-40.03736794576082,-6.625012189690608,151.27067998767862,-2.405376550674167,4.1785772108881964,-0.1999999999998181,-18.76285297382963,33.04305542514551,-0.05040246284745785,-16.3681640625,0,31.940000534057617,31.799999237060547,32.20000076293945,31.690000534057617,1033383
2024-07-11,1,1,3,3,2,3,1,3,1,3,-46.84118257036824,-28.255995786064563,181.27970675270535,-17.313972690162664,-5.90250241015918,8.999926757812545,-19.584456814576157,36.09436611170716,-0.03251117648517414,217.0341796875,0,31.65999984741211,32.279998779296875,32.880001068115234,31.459999084472656,993102
2024-07-10,1,1,3,3,1,1,1,3,1,3,-43.143185204951074,-19.059782428512946,147.30176183782288,-9.177138923150611,-16.59126700665491,-5.200073242187727,-20.26578059327705,38.32108288828411,-0.029598424872618732,104.8544921875,0,32.18000030517578,31.3799991607666,32.18000030517578,31.059999465942383,1173695
2024-07-09,1,2,3,3,2,2,1,3,2,3,-27.253991490397397,-8.71012499866184,166.25787108399143,-3.347474909369764,3.7864260819429703,-1.89990234375,-20.762217581370024,39.14069850096011,-0.015969397216211066,145.2099609375,1,31.3700008392334,31.690000534057617,31.690000534057617,31.010000228881836,521457
2024-07-08,2,2,3,3,2,2,1,3,2,1,-5.60435957044097,-1.3777326636995166,96.47461544549745,48.19217792854821,-2.7362355502923457,-0.1999999999998181,-20.95363430517932,39.87693911295149,-0.0002981150806279642,-80.26171875,0,31.479999542236328,31.0,31.520000457763672,30.700000762939453,1419416
2024-07-05,1,2,3,3,2,1,1,3,3,1,-19.00843001998279,7.2018713914838095,106.57471248975118,61.15744493785518,6.212964936604429,-9.800000000000182,-20.68789142134967,27.202881562204624,0.023212206950019285,-59.3291015625,1,30.760000228881836,31.06999969482422,31.299999237060547,30.700000762939453,710394
2024-07-04,2,3,2,3,3,2,1,1,3,3,-8.851150872515213,14.762830341310762,45.55664692469128,55.01761813825034,10.089549044849182,-0.1999999999998181,-19.840703435147994,-11.252237597326769,0.02318114105023232,125.5830078125,1,30.940000534057617,31.600000381469727,31.649999618530273,30.940000534057617,104742
2024-07-03,3,3,2,3,3,3,1,1,2,1,14.997954722463618,25.253089218111427,72.9964938482268,0.3427153100031053,20.407103286553223,4.89990234375,-18.216624397281123,-12.17695216922941,0.016448431799490203,-258.421875,0,31.6299991607666,30.920000076293945,31.969999313354492,30.8700008392334,951566
2024-07-02,1,3,2,3,3,3,1,1,2,2,-14.572660128246447,27.0535107262647,64.11574564717819,-6.467033137073364,21.246751617483138,15.400073242187545,-15.57272392166527,-13.154064051728362,-0.01041056842246544,39.048828125,0,30.790000915527344,31.06999969482422,31.649999618530273,30.75,2684846
2024-07-01,2,3,3,3,3,1,1,1,2,2,8.23545466858544,27.96828245788245,74.35695450627873,-15.917412193992035,17.139355733204575,-7.900024414062727,-11.640478192846455,-14.187178902689908,0.01337154382666491,29.75,0,31.18000030517578,30.989999771118164,31.3799991607666,30.799999237060547,781194
2024-06-28,2,3,2,2,3,2,1,1,3,2,10.533529549847621,26.541329353794833,71.73901476401451,-38.83217067456801,18.17533903215584,-0.1999999999998181,-6.71243103658609,-15.25986810074631,0.02707852850651779,17.09765625,1,30.93000030517578,30.93000030517578,31.18000030517578,30.600000381469727,1014313
2024-06-27,2,3,2,2,3,3,1,1,2,2,1.6818009994655156,44.50273738078735,54.28842810661369,-49.774159307347134,15.071848782894229,36.100024414062545,-5.771222681894736,-16.366948966854935,-0.010574865333227261,40.6103515625,0,31.0,30.950000762939453,31.25,30.549999237060547,2688272
2024-06-26,2,3,2,2,3,1,1,1,3,3,-4.795801410374871,42.16044242429151,53.61702834701253,-63.97752806882906,22.914024840714568,-4.8499755859375,-4.942987473928103,-17.495551370139637,0.026561507194629852,167.572265625,1,30.709999084472656,30.8799991607666,31.0,30.5,4286053
2024-06-25,2,3,3,2,3,1,2,1,3,1,-6.166437440204071,25.59386564509459,78.36568802911258,-48.5343866887143,22.77003908036057,-4.8499755859375,-3.924494180163263,-18.630905551149937,0.022402534508896954,-124.8330078125,0,30.790000915527344,31.0,31.100000381469727,30.709999084472656,2350263
2024-06-24,1,2,2,2,3,2,2,1,3,1,-23.73890274649863,5.035926558027256,35.44323716158396,-52.40059821050154,20.773654627369588,-0.20000000000004547,-3.6296129218080235,-19.748013204403968,0.021138688233630944,-131.697265625,0,31.170000076293945,31.610000610351562,32.060001373291016,30.530000686645508,3371392
2024-06-21,1,2,1,3,3,3,2,1,3,3,-35.530736881698466,8.46305202706538,5.131428611633221,-11.91766877142473,8.368877106905344,2.4000244140625,-3.6752017408025424,-20.80361813517112,0.022703720666580555,108.09375,0,31.5,31.110000610351562,32.150001525878906,31.110000610351562,8564316
2024-06-20,1,1,1,2,1,1,1,1,1,2,-10.082894102304262,-26.449233885523597,9.01561478232377,-33.64191759055431,-7.618885916679389,-16.600048828124955,-4.193375424434034,-21.760290485961054,-0.037948108465894775,16.595703125,0,31.8700008392334,31.81999969482422,32.20000076293945,31.690000534057617,1399850
2024-06-19,2,1,1,2,1,1,1,1,2,3,8.720212442807963,-56.25473725679381,2.806000611156465,-58.29909874228393,-18.099938336878566,-19.000000000000227,-3.9830449843637954,-22.55301518822699,-0.01742223292110336,140.8154296875,0,31.6299991607666,31.549999237060547,31.940000534057617,31.3700008392334,145612
2024-06-18,3,1,1,2,1,2,2,1,2,3,25.48504075433722,-51.95006474143642,9.2431260282377,-70.714051122824,-18.232067437101676,-0.1999999999998181,-2.6496857663436053,-23.133880537272912,-0.017035023882334112,88.7119140625,0,31.709999084472656,31.420000076293945,32.16999816894531,31.420000076293945,781450
2024-06-17,3,1,1,1,1,3,2,1,2,2,25.963190152362777,-32.460555995774136,-40.58441391283383,-76.55338109036134,-31.96085286909819,24.299975585937545,0.3171853596794527,-23.38008376666681,-0.012634439169851283,22.736328125,1,31.200000762939453,31.209999084472656,31.56999969482422,31.0,2756715
2024-06-14,3,1,1,1,1,2,2,1,2,1,13.77335719029491,-23.82735565242379,-51.63792501340935,-97.17322445628658,-31.10738728203384,-0.20000000000004547,2.3381787457660046,-23.14626882964296,-0.005052743293522427,-182.630859375,1,31.149999618530273,31.84000015258789,32.22999954223633,31.100000381469727,3518889
2024-06-13,2,2,1,2,1,1,2,1,1,1,0.7191852905081149,-6.6276341485977355,-0.9744459453430686,-70.55235648820461,-27.610756096152663,-16.899975585937682,2.153557381589298,-22.282649329930038,-0.06312884145692693,-186.1376953125,0,31.729999542236328,32.61000061035156,32.79999923706055,31.540000915527344,486264
2024-06-12,2,2,3,1,1,1,2,1,2,2,-4.804091899197012,0.0020690074136275882,86.52716924249623,-109.03008298749627,-16.010637229725013,-15.699951171875,2.151058013341901,-20.574858949427274,0.0059767314322732995,19.001953125,0,32.540000915527344,31.950000762939453,32.9900016784668,31.899999618530273,876627
2024-06-11,1,3,3,1,2,2,2,1,1,1,-10.603000178421617,29.80388003979188,87.35274842390751,-102.86865645319499,0.48473737587880095,-0.1999999999998181,1.7805062216152585,-17.774251226689678,-0.04784749546040824,-99.0908203125,0,31.719999313354492,32.900001525878906,32.91999816894531,31.510000228881836,2199544
2024-06-10,1,3,3,1,3,3,2,1,1,1,-21.393739411244205,31.01003828780951,83.94088551227391,-123.12938357007577,10.044503634416074,3.699999999999818,2.696310356194944,-13.540187731722739,-0.10334043022061687,-430.232421875,0,32.720001220703125,32.0,32.91999816894531,31.989999771118164,1527317
2024-06-07,1,3,1,2,2,1,2,1,1,1,-45.308905705754874,37.79748210214103,-17.060341652571115,-69.83240598700648,3.124007757090773,-10.60009765625,3.302042916159582,-7.416208412800209,-0.07274274443448264,-203.6044921875,1,31.799999237060547,31.670000076293945,31.969999313354492,31.420000076293945,1891504
2024-06-06,1,3,3,1,1,2,2,2,1,3,-36.32158321039641,48.30736015885174,115.04627180596432,-118.74167953298861,-6.908922193047793,-0.1999999999998181,2.409812902658496,0.9845781787843642,-0.06709840054533174,244.515625,0,31.690000534057617,31.15999984741211,32.18000030517578,31.15999984741211,1647538
2024-06-05,1,3,2,1,2,3,3,3,1,3,-13.414330200106289,43.19576045262024,28.014106764528695,-146.01052962891976,2.24417055434796,14.800048828125,4.682468262105385,10.47664674507471,-0.054386893604017744,348.4228515625,1,31.15999984741211,30.31999969482422,31.290000915527344,30.31999969482422,3821233
2024-06-04,2,3,2,1,2,1,3,3,2,1,4.065307282935795,24.462679698817254,30.571780736707233,-116.35763068910754,1.801476134687782,-11.999951171875182,5.650751797882881,18.92200948695458,-0.016914896524671985,-735.244140625,1,30.229999542236328,29.520000457763672,30.770000457763672,29.520000457763672,5304975
2024-06-03,2,2,1,1,1,2,3,3,2,2,-8.112645861019502,0.09385467380090518,-0.9587864396683853,-130.45584797452068,-10.35634186169763,-1.6500244140625,3.9507872735787988,16.133296795351875,-0.01686739281838695,-17.24609375,1,29.40999984741211,31.100000381469727,31.100000381469727,28.709999084472656,2312098
2024-05-31,2,2,1,1,2,2,3,3,2,3,-3.907807960024762,-0.38446530093611386,-4.338358924743268,-85.87925339546055,6.133162828228102,-1.6500244140625,5.792007342896596,13.291250715802775,-0.008668363933866274,63.287109375,1,30.84000015258789,31.170000076293945,31.600000381469727,30.600000381469727,2815106
2024-05-30,2,2,1,2,1,2,3,3,2,3,8.73181043616275,-2.5022093682985584,-21.760374014170633,-45.50505217178095,-9.319174321700416,-0.1999999999998181,4.895199708532179,13.416933015534001,0.012301754748438365,153.67578125,0,31.469999313354492,31.780000686645508,31.780000686645508,30.690000534057617,1639268
2024-05-29,3,2,2,2,1,1,3,2,3,1,27.436381847067935,0.9426884851319031,30.8080969327817,-38.385593160661095,-11.144828230824544,-12.400097656250182,6.589745653950462,1.5747710843338303,0.04224770696734653,-58.701171875,0,31.040000915527344,31.049999237060547,31.329999923706055,30.309999465942383,1722003
2024-05-28,3,2,2,2,3,1,3,2,3,3,31.503796259953386,3.4018567587866,43.90844108723721,-52.001718719177134,10.662930415978423,-18.0,8.649316896996325,-2.651608191864835,0.03978350741647635,58.509765625,0,31.209999084472656,31.989999771118164,31.989999771118164,30.829999923706055,1026779
2024-05-27,3,2,2,2,3,2,3,2,3,1,43.5494454333751,10.44407174661081,51.846298183054124,-68.95431770744436,11.025364779462237,-2.7998046875,11.019710305103752,-4.3880227778814485,0.06795075088292307,-112.654296875,0,31.899999618530273,31.360000610351562,32.099998474121094,31.360000610351562,265798
2024-05-24,3,3,3,2,3,2,3,2,3,1,45.659847468896125,12.74780497442297,89.86483229025255,-64.77373634838203,14.166585034559905,-0.1999999999998181,13.701215958261823,-2.2606494853449766,0.09672804643918714,-107.0458984375,0,31.149999618530273,31.399999618530273,31.829999923706055,31.049999237060547,684605
2024-05-23,3,3,3,3,3,3,3,2,3,2,40.48205417397735,26.372160470138795,109.85839223087461,-26.77437911188416,17.692684349889667,4.39990234375,16.945016945459695,0.7533432971388865,0.13665610869553574,14.701171875,0,31.600000381469727,32.0,32.0,31.399999618530273,942501
2024-05-22,3,3,3,3,3,1,3,2,3,1,35.821653944943336,13.224617892383279,106.51632711657136,14.313808972205793,13.559925780704823,-13.199902343750182,20.019045036921895,-0.3002602988967795,0.127015289265789,-100.8251953125,0,31.940000534057617,31.6299991607666,32.40999984741211,31.479999542236328,851148
2024-05-21,2,2,2,3,2,2,3,2,3,1,7.351265904990591,1.2667251774771415,66.29042550394156,65.3314901797643,4.727464169044012,-0.1999999999998181,23.80447329385961,-5.23354567436596,0.09723207144275929,-52.447265625,0,31.670000076293945,31.969999313354492,32.08000183105469,30.940000534057617,2900474
2024-05-20,2,2,2,3,2,3,3,1,3,2,2.2177573541674676,-0.3738193765938007,56.65689298882616,56.49249052685568,1.1297984591154417,23.89990234375,26.480267590199105,-8.204801699692156,0.10505202494043414,-16.6181640625,0,31.969999313354492,31.790000915527344,32.16999816894531,31.520000457763672,1665228
2024-05-17,2,2,2,3,2,3,3,1,3,2,8.992803578361567,-10.678906852275688,65.32106073667723,31.25472491400203,-2.873847936450808,22.5,25.27505450744714,-7.522557817205723,0.10835443319371611,-7.361328125,0,31.969999313354492,31.81999969482422,32.279998779296875,31.270000457763672,1781202
2024-05-16,2,2,2,3,1,1,3,1,3,1,9.961412157989997,6.954989082751936,64.54864447260321,44.14440657413133,-11.85832513862831,-11.400097656250182,21.83512759014104,-6.479841777295192,0.06862234212485913,-127.1982421875,0,31.729999542236328,31.43000030517578,32.0,31.3700008392334,1850401
2024-05-15,2,3,2,3,1,2,3,2,3,1,8.902040991627814,38.449208696803936,61.54565423391064,11.534826756702564,-22.161204565132245,-0.1999999999998181,10.097603801304228,-5.556610318112554,0.08734553884462236,-140.041015625,1,31.399999618530273,31.850000381469727,32.31999969482422,31.1200008392334,1682671
2024-05-14,1,3,2,3,1,3,1,2,3,1,-14.628577681360234,22.147880246056673,25.31003383468207,8.451583334942173,-27.850251550970277,7.600146484374818,-18.361735835492098,-3.1544710909680713,0.10699133272229366,-92.89453125,1,31.739999771118164,32.029998779296875,32.029998779296875,31.5,622758
2024-05-13,1,2,1,3,1,2,1,2,3,1,-15.971219187817205,-3.230344135761314,-19.214028843468782,20.62088631039546,-18.46605388338795,-0.1999999999998181,-19.109067751411267,-1.1135356506012037,0.12376074579068613,-70.533203125,0,31.889999389648438,31.899999618530273,32.20000076293945,31.549999237060547,718321
2024-05-10,1,2,1,3,2,3,1,3,3,3,-12.046722083402209,-9.013558879278762,11.849669549640689,18.370631623332446,2.057510344129046,5.599853515625,-19.675487840011463,3.154374144829889,0.11774106322777178,156.88671875,0,31.860000610351562,32.33000183105469,32.33000183105469,31.649999618530273,897343
2024-05-09,3,2,2,3,3,3,1,2,2,3,12.572828711688317,5.85721121517328,22.833661027983677,-18.34265799132672,11.68939796974368,25.300048828125,-20.018317406338042,0.714341634988541,-0.018969830798167275,62.6171875,0,32.15999984741211,33.90999984741211,34.2599983215332,31.420000076293945,781685
2024-05-08,2,1,1,3,3,3,1,2,1,2,10.057563283298002,-25.9776461101455,18.287862542088234,-25.245879839378386,11.78793644265319,18.60009765625,-20.015063705130988,-0.33624772389775437,-0.12799706753414386,-18.3447265625,1,31.299997329711914,31.75891570397492,32.086711990797376,31.206342268537377,1239124
2024-05-07,2,1,2,3,2,3,1,2,1,2,4.80028287354309,-19.472114127780358,24.852292860745695,-26.517417290080196,-4.4293782304121265,37.5,-19.574970875827006,-2.9437801795946594,-0.14828374645139625,-30.0556640625,1,31.655893325805664,31.768280114938776,31.768280114938776,31.468579628776077,1016446
2024-05-06,2,2,3,2,1,1,1,2,1,3,5.403702919266237,-8.765313034850806,80.40811163953076,-73.47522717528307,-7.521141408775335,-37.200024414062455,-18.5901157035557,-5.839205555522957,-0.16218902255003653,85.84375,1,31.590333938598633,31.35619271144681,31.758915907964873,31.122051484294985,723758
2024-05-03,2,1,3,1,1,2,1,2,1,1,7.464461038739763,-13.016192446315486,92.78919356395586,-80.47483477249651,-9.263754832637908,-0.20000000000004547,-16.84098623480086,-4.580427021361704,-0.1507316014158641,-68.7451171875,1,30.822351455688477,31.337461448506474,31.337461448506474,30.532015043545556,577853
2024-05-02,1,1,3,1,1,3,1,2,1,1,-12.183050523118645,-21.381417531080118,122.18853999902551,-100.50120350573526,-22.03541547224694,20.499926757812545,-14.057308033594598,-3.8436436325072183,-0.11902554236650106,-262.517578125,1,30.382164001464844,30.157390426689055,31.51541024317586,30.007540185934676,877817
2024-04-30,1,1,3,1,1,1,1,2,1,2,-50.325453203723214,-29.752940555037867,157.31273611620364,-91.6589714078315,-21.032061391192222,-8.0999755859375,-4.786417613814615,-3.954483410840277,-0.127995537396692,8.1865234375,1,30.063732147216797,31.178246675365887,31.178246675365887,29.94197949505387,1060292
2024-04-29,1,1,3,1,1,2,2,2,1,3,-57.16559865536977,-51.41091937061697,204.33233838307683,-107.80754102307222,-15.824132617120672,-0.20000000000004547,-3.3014310459186937,-4.742973121541883,-0.14108814746713094,198.83984375,0,30.8785457611084,31.225073772232363,31.843206460618255,30.02627184874737,773967
2024-04-26,1,1,3,1,2,3,2,2,1,3,-52.36614398568017,-38.23776123679252,162.2372144096227,-117.03432629101788,-5.534867866093585,32.300048828125,-3.6650384620775665,-0.9182341132393681,-0.10287712225343398,163.4462890625,0,31.30936622619629,31.32809795371941,31.55287153857342,30.944106471274736,1032840
2024-04-25,1,2,3,1,2,3,1,2,1,2,-35.465399405833985,-5.322008104697694,97.03714717256041,-138.21902286526773,1.9869432877419602,21.4000244140625,-4.200423997299094,1.0207960204749504,-0.08689076511310125,-21.9833984375,0,31.34682846069336,31.281269203270973,31.468579325785463,31.02839625062252,1987052
2024-04-24,1,3,3,1,2,2,1,3,1,2,-36.14430104699825,29.447469542136382,93.32321430424132,-190.18615282973283,2.1565311981115265,-0.6000488281249545,-4.424744886044449,4.332232349742252,-0.051297570939326215,15.0849609375,0,31.93686294555664,31.880671335831767,32.12417664763353,31.702721711138448,1278127
2024-04-23,1,2,2,1,2,1,2,3,1,3,-15.158674723723681,10.316926861978992,52.23799230052632,-214.84355648447928,1.268371196248065,-20.800048828125,-3.5162081494477206,8.830344611927433,-0.04649934568284489,179.091796875,0,31.88067054748535,31.702720927192377,32.189735111464714,31.702720927192377,1196658
