Date,ACCBU_20_BAND_USU_L2_EXTI22_STF_BIN,AD_DIFF_USU_L5_EXTI38_BIN,AROONOSC_14_L3_EXTI33_BIN,BBPU_20_2_0_USU_L2_EXTI15_BIN,D_J_USU_L1_EXTI6_BIN,K_D_USU_L5_EXTI25_BIN,PVOh_12_26_9_L1_EXTI16_BIN,QQE_DELS_USU_L2_EXTI13_BIN,SMIo_5_20_5_L2_EXTI27_BIN,THERMO_20_2_0_5_USU_L4_BIN,WCP_L3_STF_BIN,WCP_L6_STF_BIN,WCP_USU_L3_EXTI34_BIN,ACCBU_20_BAND_USU_L2_EXTI22_STF,AD_DIFF_USU_L5_EXTI38,AROONOSC_14_L3_EXTI33,BBPU_20_2_0_USU_L2_EXTI15,D_J_USU_L1_EXTI6,K_D_USU_L5_EXTI25,PVOh_12_26_9_L1_EXTI16,QQE_DELS_USU_L2_EXTI13,SMIo_5_20_5_L2_EXTI27,THERMO_20_2_0_5_USU_L4,WCP_L3_STF,WCP_L6_STF,WCP_USU_L3_EXTI34,target,Close,Open,High,Low,Volume
2024-09-10,2,1,3,1,3,1,3,1,1,3,1,2,1,0.06170248182262661,-575.9684903599264,71.42857142857143,-70.14924067280532,50.061479741008405,-17.44508865885397,26.833492285729413,-5.522725437592804,-0.05529409071965685,0.3174243735358224,-0.3099994659423828,-0.09749889373779297,-43.375,0,44.849998474121094,45.189998626708984,45.189998626708984,43.97999954223633,811820
2024-09-09,2,1,3,2,3,1,3,1,1,3,3,2,1,0.320957931322134,-760.9946328134683,71.42857142857143,-49.26164094359595,38.87543289385421,-10.679812734010405,32.26272886700733,-6.274705688319202,-0.05616358727034576,0.780837770662743,0.46249961853027344,-0.19249916076660156,-11.44970703125,1,44.65999984741211,44.59000015258789,46.029998779296875,44.2400016784668,601889
2024-09-06,2,1,3,2,3,2,3,1,1,2,1,3,1,0.18401428619679727,-1237.427405123075,71.42857142857143,-38.618308368496166,19.05645938693219,-3.657553937001083,37.5619316801822,-6.196360338635166,-0.06682580754199482,-0.09696786426646675,-0.912501335144043,0.4524993896484375,-43.47509765625,0,44.45000076293945,46.22999954223633,46.31999969482422,44.060001373291016,534335
2024-09-05,2,3,3,2,2,2,3,1,2,1,2,3,2,0.020671837177244967,1043.3890074671945,71.42857142857143,-37.964980066074084,2.604124531457032,0.545197943018195,41.49954864852628,-6.119023942372323,-0.013600783831793195,-0.2871753130492445,-0.09749889373779297,0.44750022888183594,2.124755859375,0,45.72999954223633,46.599998474121094,46.779998779296875,45.040000915527344,700232
2024-09-04,2,1,3,2,1,2,3,1,2,2,2,1,3,0.08810573542396227,-24166.999999999927,71.42857142857143,-26.752656360927695,-11.147613519736211,-5.892128593662704,46.864586743471044,-6.059353890717368,-0.013735492873661215,-0.20740368301865508,-0.19249916076660156,-0.7974996566772461,47.724609375,0,46.0099983215332,45.72999954223633,46.900001525878906,45.599998474121094,905252
2024-09-03,3,1,3,3,1,3,3,1,2,1,3,2,1,0.5855250970348482,-256.0,64.28571428571429,-16.18571372052515,-17.602332902638963,6.680604479972075,45.49017919290943,-6.017452721730592,-0.011527597495907371,-0.4292364125916509,0.4524993896484375,-0.030000686645507812,-14.125,0,45.689998626708984,46.2599983215332,46.70000076293945,44.59000015258789,1114540
2024-09-02,3,2,2,3,1,3,3,1,2,3,3,1,1,2.4868974105944455,207.60879931334057,-28.57142857142857,-18.68545591115102,-29.54635293522847,6.7332474066054715,32.34062873116055,-5.99687466262473,-0.0044796355369083884,0.16558019678398117,0.44750022888183594,-0.5650005340576172,-12.27490234375,0,46.7400016784668,46.56999969482422,46.810001373291016,46.029998779296875,369078
2024-08-30,2,1,2,2,1,2,2,1,2,3,1,2,2,0.35328220959060364,-272.3229190318234,-28.57142857142857,-23.16373175685555,-52.387488167736095,3.3325153415629103,-8.850760380932968,-6.001246629443457,0.022192080311968232,0.24301106447331056,-0.7974996566772461,-0.09999942779541016,4.72509765625,0,46.79999923706055,46.95000076293945,47.290000915527344,45.81999969482422,6997746
2024-08-29,1,1,2,3,1,2,2,1,3,2,2,2,2,-1.3894825747495583,-280.5947046843212,-28.57142857142857,-17.563733101548433,-59.585583893673345,-5.15226064017358,-9.17852438232,-6.030758329518246,0.041338541421522434,-0.16140912865264845,-0.030000686645507812,-0.13249969482421875,-5.0751953125,0,47.029998779296875,46.709999084472656,47.29999923706055,46.119998931884766,709399
2024-08-28,3,2,2,3,1,2,2,2,3,1,1,2,3,0.374271806651997,128.13509831523697,-28.57142857142857,-16.025856087512828,-65.1192676025457,1.0494903602704966,-9.45965007557632,0.4714957163783744,0.059910366348584654,-0.35839605372617966,-0.5650005340576172,-0.012501716613769531,32.22509765625,1,46.29999923706055,45.880001068115234,47.36000061035156,45.709999084472656,1031845
2024-08-27,2,2,2,3,1,1,2,2,3,1,2,2,2,-0.3757517108194266,-194.3468437075935,-28.57142857142857,-15.522633628544106,-57.12360917319861,-8.122257740241778,-10.233719135807107,2.2393875648010884,0.06376383476026654,-0.39612576881567474,-0.09999942779541016,0.17000102996826172,-4.57470703125,1,45.5099983215332,46.9900016784668,47.36000061035156,45.5,1194880
2024-08-26,1,2,1,2,1,2,1,2,3,1,2,3,3,-1.1823491121010399,-47.39999999999418,-78.57142857142857,-28.88909523475296,-31.11503302055442,0.9689112382748419,-10.9484083776615,3.429072885145729,0.06322988383136086,-0.46782199746156816,-0.13249969482421875,0.30499935150146484,23.07470703125,1,46.72999954223633,46.349998474121094,47.2599983215332,46.349998474121094,1079674
2024-08-23,1,3,1,2,2,3,1,2,3,1,2,3,1,-1.060669992295244,286.0,-85.71428571428572,-20.960189616390082,7.594185794197912,12.205481690637185,-11.36856581235056,3.126797798017016,0.06103960980905865,-0.327067791538012,-0.012501716613769531,1.0400009155273438,-12.7001953125,0,46.34000015258789,47.040000915527344,48.16999816894531,46.34000015258789,1173934
2024-08-22,1,3,1,2,3,3,1,2,3,2,2,3,2,-1.8302238457740891,305.99500043348235,-85.71428571428572,-20.040964050746286,23.107438123582515,14.574572418051702,-11.5903461236204,4.429847336916531,0.05187789739279486,0.038505545757945625,0.17000102996826172,0.4999990463256836,0.275390625,0,47.470001220703125,47.45000076293945,47.689998626708984,46.81999969482422,1774458
2024-08-21,2,2,1,3,3,3,1,3,2,3,3,3,2,-0.23635769957355635,-190.0,-100.0,-15.92385944593116,25.664440334948136,16.261383450221487,-12.51789012777769,5.2514333057794325,0.0258129943726087,0.26255616710674656,0.30499935150146484,1.072500228881836,13.5498046875,0,47.459999084472656,47.27000045776367,47.9900016784668,46.939998626708984,1359526
2024-08-20,2,2,1,2,3,3,1,3,2,3,3,2,3,-0.3853099385684242,0.0,-100.0,-22.82129726967376,16.17805581501908,16.90228751903728,-13.546477700478718,6.293855898430504,-0.003912408736004819,0.33019838860575035,1.0400009155273438,-0.24750041961669922,28.2998046875,0,47.5099983215332,47.38999938964844,48.290000915527344,47.06999969482422,480157
2024-08-19,1,2,1,2,3,3,1,3,2,1,3,3,3,-0.8712574711162642,151.0750157401635,-100.0,-25.25200105261632,15.830276953837156,13.207824685124343,-13.59334208485405,6.312704942018893,0.002850545100482327,-0.44504907426613616,0.4999990463256836,0.8875017166137695,38.60009765625,0,47.720001220703125,47.970001220703125,48.02000045776367,46.970001220703125,578928
2024-08-16,2,2,1,2,3,3,1,2,3,1,3,2,3,-0.2083719666595698,-142.91695061740757,-64.28571428571428,-47.42476030279141,15.669685140929907,14.669468810061637,-15.328054689312403,4.9590977141283545,0.03989673977936539,-0.3018939038352688,1.072500228881836,0.14249897003173828,44.0498046875,0,47.54999923706055,47.09000015258789,47.560001373291016,47.09000015258789,542641
2024-08-15,2,2,1,1,2,3,1,2,3,3,2,2,2,0.36255977726504973,101.99944730126299,-71.42857142857143,-58.528248349676105,5.287960893283277,15.793807084519315,-15.58225211704535,3.784800263626238,0.05380128645700097,0.36632855343731385,-0.24750041961669922,0.25,5.5751953125,0,47.400001525878906,46.22999954223633,47.5,46.22999954223633,739894
2024-08-14,2,1,1,1,2,3,1,2,3,1,3,3,3,-0.05856466557885831,-210.75222082898836,-71.42857142857143,-74.42887177192249,-8.505791645269113,8.162678589851648,-15.829623032244164,2.715243174879255,0.06554343242134764,-0.6351114617282073,0.8875017166137695,0.7650003433227539,41.67529296875,1,46.369998931884766,45.91999816894531,46.47999954223633,45.150001525878906,944583
2024-08-13,1,3,1,1,2,2,1,2,3,3,2,1,3,-0.7969541238897353,449.0,-71.42857142857143,-71.57491108246062,-6.132104839948788,0.024133819496089615,-15.45333015904145,3.022681948102445,0.09071100946886611,0.4880371416013892,0.14249897003173828,-0.9649991989135742,53.12451171875,1,46.060001373291016,44.650001525878906,46.220001220703125,44.029998779296875,1289448
2024-08-12,2,2,1,1,1,2,1,3,3,1,2,1,1,-0.1301075599698418,-195.00053438713076,-71.42857142857143,-74.75226821403929,-12.42497841917774,-4.916864109739013,-14.304062021986226,5.024970499680855,0.04746484180856275,-0.5705911380552903,0.25,-1.157501220703125,-85.224609375,1,44.20000076293945,45.959999084472656,45.959999084472656,43.720001220703125,421452
2024-08-09,1,1,1,1,2,2,1,2,3,3,3,1,3,-0.7723959957734596,-421.0,-100.0,-100.95024891509415,-6.513539350209896,2.3794713005491666,-13.733228292450292,4.280098485404562,0.07304187858113673,0.20934297477688313,0.7650003433227539,-0.4374990463256836,59.0498046875,1,45.150001525878906,43.970001220703125,45.459999084472656,43.310001373291016,1229225
2024-08-08,2,1,1,1,3,3,1,2,3,3,1,3,3,0.04327676618244958,-414.5386907107604,-92.85714285714286,-99.07178880886494,16.451309842445546,12.39686217986598,-12.156255061875605,4.05427146530409,0.03393052371589772,0.5613809084396636,-0.9649991989135742,1.274998664855957,14.2373046875,1,43.939998626708984,43.84000015258789,44.2599983215332,43.380001068115234,988798
2024-08-07,3,3,1,1,3,3,2,2,2,1,1,2,1,0.5004989827374828,415.9398792882712,-85.71428571428571,-114.52506146075909,25.616515648766757,19.00583736484469,-10.19297558579673,4.443209672951845,-0.005895779117118555,-0.4695265169440519,-1.157501220703125,-0.08500003814697266,-30.5751953125,1,43.70000076293945,43.470001220703125,44.099998474121094,43.45000076293945,1347461
2024-08-06,2,3,1,1,3,2,2,3,1,2,1,1,1,0.09560145842851497,791.4030671714427,-78.57142857142857,-74.50217918068122,15.72709074997605,-2.239993092952454,-7.778603618732238,6.513288970179207,-0.03725374618440261,0.07104979175499126,-0.4374990463256836,-0.9349994659423828,-74.87548828125,1,43.880001068115234,42.43000030517578,44.09000015258789,42.099998474121094,1382475
2024-08-05,2,3,1,2,2,2,3,3,2,1,3,1,3,0.03442719087922619,528.9080785085825,-78.57142857142858,-44.10223853705341,8.294026890725881,-3.7444779713225245,-5.3517870927759095,6.4814279842221865,-0.02289380040094785,-0.2814718931486775,1.274998664855957,-0.7999992370605469,26.32568359375,1,42.5,43.119998931884766,43.849998474121094,42.040000915527344,1103059
2024-08-02,2,2,1,2,1,2,2,3,2,2,2,1,2,0.23267887604923665,-59.384978420086554,-78.57142857142857,-20.43563837569192,-25.132102154952776,-2.6180327858832495,-10.382243315855817,6.406957338197948,0.013352443988933892,-0.09109929277699214,-0.08500003814697266,-0.2975006103515625,-6.62548828125,0,43.66999816894531,44.279998779296875,44.290000915527344,43.119998931884766,1313529
2024-08-01,3,2,1,2,1,2,1,3,2,2,1,3,2,1.387484420204526,229.33371303686,-100.0,-21.818987870279464,-52.96198997999147,1.2569250304492368,-13.54034362480433,6.324269895151431,0.005350988719153828,0.1293108502196526,-0.9349994659423828,1.3400001525878906,-5.4755859375,0,44.68000030517578,45.540000915527344,45.70000076293945,44.31999969482422,1025066
2024-07-31,1,1,1,2,1,3,1,2,2,2,1,3,3,-0.540385365980292,-596.0,-100.0,-27.690904882731573,-57.13317742313115,5.899602220585075,-13.197819584385666,-0.7907408566116843,-0.024266278705830244,-0.0870808382697672,-0.7999992370605469,0.5299997329711914,25.62548828125,0,45.689998626708984,44.0,45.75,44.0,2445211
2024-07-30,2,2,2,2,1,2,1,1,2,3,1,3,2,-0.27157995909877286,251.48001271556132,-42.85714285714286,-23.320058461134256,-38.85177423282421,-1.8931868578121058,-11.759856743359283,-3.756846492379566,-0.0037934906184689116,1.403756572399102,-0.2975006103515625,0.44249916076660156,8.22509765625,0,43.9900016784668,43.209999084472656,44.84000015258789,43.209999084472656,3795742
2024-07-29,2,2,2,2,1,1,1,1,2,2,3,3,1,0.3363568043374485,-49.286737467642524,-42.85714285714286,-47.791905503770934,-13.210008738725815,-7.976932376349588,-11.726155030030176,-6.172232621901443,-0.009080408523349022,-0.038479730462567474,1.3400001525878906,0.3000011444091797,-51.30029296875,1,43.7400016784668,44.58000183105469,45.38999938964844,43.5,1098722
2024-07-26,1,1,2,2,2,1,1,2,2,2,3,2,2,-0.7466830166791905,-287.954578722085,-42.85714285714285,-49.57708073533168,-9.767296782651423,-10.12220105231818,-11.1517169688352,1.0135080137304655,0.028530602841487958,-0.18253343275169875,0.5299997329711914,-0.08750057220458984,-3.6494140625,1,44.93000030517578,45.97999954223633,45.97999954223633,44.27000045776367,1104702
2024-07-25,3,1,2,2,3,1,1,2,3,2,3,1,3,1.5092670153811625,-437.0,-42.85714285714285,-28.504948458462124,18.24240728541939,-12.418505310167971,-12.453768158883634,1.5982448733270331,0.03373210042672873,-0.19174534207404037,0.44249916076660156,-0.5,38.04931640625,0,45.65999984741211,46.97999954223633,46.97999954223633,45.0099983215332,2372461
2024-07-24,2,1,2,2,3,1,1,2,2,2,3,2,2,0.28425267054648806,-314.99709748309397,28.57142857142857,-23.998009840264714,21.010530344009197,-14.48056356278801,-11.545311225370982,3.38784990664783,0.02421067761947606,-0.19192860452868843,0.3000011444091797,-0.2324991226196289,-1.44970703125,0,46.38999938964844,44.84000015258789,47.47999954223633,44.2400016784668,1708320
2024-07-23,3,1,3,2,3,1,1,3,1,2,2,1,1,0.6611124252620595,-519.7748082666658,35.71428571428571,-26.45303425072029,24.866758753265774,-17.632481479617425,-13.019574398059149,6.106399070672623,-0.033980179550421596,0.11787021552297916,-0.08750057220458984,-0.9575004577636719,-20.89990234375,0,45.04999923706055,45.0,45.209999084472656,43.83000183105469,1522571
2024-07-22,3,2,3,3,3,1,2,3,2,1,1,3,1,0.9201851676670714,-177.90324324730318,42.85714285714286,-8.89285031459849,24.743813763648284,-21.62824674360475,-10.538607067563657,6.076775461647756,-0.0072617700721484685,-0.36972239336933876,-0.5,0.3924999237060547,-14.625,1,44.400001525878906,44.09000015258789,44.529998779296875,43.689998626708984,1065708
2024-07-19,1,3,3,3,3,1,2,3,2,2,2,2,3,-1.9651825145852815,608.0,50.0,19.733496147000665,23.645652706612754,-21.767158841518203,-7.263567690619087,6.072702173163073,-0.011427702596692804,-0.11864343920971743,-0.2324991226196289,-0.02749919891357422,59.25048828125,1,43.9900016784668,43.650001525878906,44.119998931884766,43.150001525878906,707088
2024-07-18,2,1,3,3,3,1,3,3,3,1,1,3,2,-0.2664898339959283,-923.3175774011324,57.14285714285714,31.13112440532012,18.38841805159582,-16.637921351443943,-5.261756314706346,5.997738181270513,0.05567429450732453,-0.5611325274602058,-0.9575004577636719,1.3399991989135742,12.94970703125,1,43.310001373291016,43.75,44.66999816894531,42.7599983215332,1057981
2024-07-17,2,2,3,3,2,1,3,3,3,2,3,1,2,0.07657247106584997,56.59500205582299,57.14285714285714,15.546705530115018,15.095399954263932,-16.356164391142165,-2.1084934100642876,5.881817384976046,0.08316728049331379,-0.07019605754030966,0.3924999237060547,-0.4324989318847656,6.375,1,43.7400016784668,43.560001373291016,44.099998474121094,42.81999969482422,2581309
2024-07-16,2,1,3,3,3,1,3,3,3,3,2,3,3,-0.10033268800444439,-376.70315742702223,57.14285714285714,13.292035861577277,27.658259648498436,-7.374689290194993,4.27453654857138,5.755730032176295,0.09554197458725766,0.26241503635912733,-0.02749919891357422,0.2974987030029297,28.4248046875,0,43.90999984741211,44.209999084472656,45.0,43.58000183105469,1007518
2024-07-15,1,1,3,3,3,2,3,3,3,1,3,1,3,-0.6441116783836129,-289.847102019412,57.14285714285714,0.48357200910693504,60.91169014735889,1.52377152689715,11.063080061248314,5.704271431896835,0.08778805972971863,-0.5499662955198049,1.3399991989135742,-1.1024999618530273,68.02490234375,0,44.099998474121094,45.33000183105469,45.400001525878906,43.72999954223633,1048878
2024-07-12,1,3,3,3,3,3,3,2,3,1,1,2,1,-1.1801747297834524,338.49494411174965,57.14285714285715,3.6213743903954283,61.09851111177185,7.786922431689447,14.864579927079504,-0.2162250318973662,0.06259542893129585,-0.5878570267582177,-0.4324989318847656,-0.0775003433227539,-14.27490234375,0,45.52000045776367,44.959999084472656,45.70000076293945,44.41999816894531,1187171
2024-07-11,1,3,3,2,3,3,3,1,3,3,3,3,3,-1.4595221884127163,419.21148333085875,57.14285714285715,-30.392023472635028,48.685829568142346,9.61816788492365,19.446611985398842,-3.4501356946645814,0.03846448204589814,0.48026435432983583,0.2974987030029297,1.1550006866455078,30.25,0,44.88999938964844,45.650001525878906,45.650001525878906,44.15999984741211,979922
2024-07-10,1,3,3,2,3,3,3,1,2,3,1,2,1,-1.7230832534140887,476.4736824178981,57.14285714285714,-23.098103792534033,38.792882348798216,11.673507517523248,24.92204390978028,-5.247878527948785,0.009889546326031895,0.5208163606604024,-1.1024999618530273,-0.1750011444091797,-57.47509765625,0,45.349998474121094,43.93000030517578,45.650001525878906,43.349998474121094,2407782
2024-07-09,1,2,3,3,2,3,3,1,2,3,2,3,2,-0.573972859306128,-188.52524636534508,50.0,-17.144594274845968,10.053878473230625,13.618728218907052,28.723082923587437,-5.661270877593715,0.012404769540155347,0.7356389828788699,-0.0775003433227539,0.3600015640258789,-5.9248046875,1,43.36000061035156,43.95000076293945,44.5,43.119998931884766,1223602
2024-07-08,1,3,3,3,2,3,3,1,2,1,3,3,3,-0.8903979867110898,795.5913618138729,42.85714285714286,-16.78415547447057,2.9964805707536897,12.017243897723056,31.891316382075903,-5.664142650122365,0.011868039283813636,-0.6369222829550156,1.1550006866455078,0.3149995803833008,42.44970703125,1,44.41999816894531,43.5099983215332,44.41999816894531,42.810001373291016,1857310
2024-07-05,2,3,3,3,1,3,3,2,2,1,2,1,3,-0.21183279149559198,670.0886326097243,35.71428571428572,-16.506433376036384,-10.977271165321483,10.54792004445202,33.6666767293019,1.5293870633615114,0.0028706736839585467,-0.2539659708529326,-0.1750011444091797,-0.4975004196166992,37.400390625,1,43.59000015258789,44.5099983215332,44.560001373291016,43.13999938964844,934726
2024-07-04,2,1,2,3,1,2,3,2,2,2,3,3,2,-0.11836411377802136,-1437.0440895978827,28.57142857142857,-9.87545476562633,-24.24542688239228,1.2558872331723734,35.90645096839411,3.9203891265335784,-0.023361018401435396,0.01930000611783189,0.3600015640258789,0.40000057220458984,5.4501953125,0,44.70000076293945,44.66999816894531,45.290000915527344,44.599998474121094,53718
2024-07-03,3,3,2,2,1,2,3,3,1,1,3,2,1,0.6275561811353114,27281.99999999866,-21.42857142857143,-23.252539728470214,-33.01678687934769,3.9122671783938756,40.613180425649894,5.198065732681876,-0.07259511504957772,-0.5886652099451142,0.3149995803833008,0.19250011444091797,-26.5,0,45.220001220703125,43.150001525878906,46.0099983215332,43.150001525878906,1525004
2024-07-02,3,1,2,2,1,3,3,3,1,1,1,2,3,0.559642497741482,-560.6230007616105,-21.428571428571445,-26.421033821022178,-38.40678917795758,11.244371155261028,40.984759814711836,5.94580000862247,-0.08830966588234226,-0.2806310370019395,-0.4975004196166992,0.14999961853027344,32.32470703125,0,43.689998626708984,43.27000045776367,44.400001525878906,43.20000076293945,2743969
2024-07-01,3,3,2,3,1,3,3,3,1,1,3,1,3,0.834226244576147,668.0,-21.42857142857143,-18.880348138948808,-44.863461417319,19.692417076301638,27.312907732638152,5.66756709566193,-0.1346876027952083,-0.570173282390507,0.40000057220458984,-0.282501220703125,24.8251953125,1,44.11000061035156,43.59000015258789,44.2400016784668,43.220001220703125,1724237
2024-06-28,3,1,2,2,1,3,2,2,1,1,2,2,2,1.7938533963666412,-513.0771391321032,-21.42857142857143,-22.811535441508806,-33.27381280480646,13.586957377707478,-9.895979597460304,4.628833276377179,-0.1417832525161242,-0.8401944218120612,0.19250011444091797,-0.08749866485595703,9.5,1,43.38999938964844,43.54999923706055,44.849998474121094,42.61000061035156,2642770
2024-06-27,2,3,3,2,2,3,2,2,1,1,2,2,3,-0.262482856292495,445.0,78.57142857142858,-21.506582819419673,-1.3492544215306097,15.582190394585762,-9.596796471712857,4.59992299856215,-0.155385003372133,-0.4486325829639477,0.14999961853027344,-0.017500877380371094,61.24951171875,1,43.02000045776367,43.709999084472656,43.939998626708984,43.0,1431613
2024-06-26,1,3,2,3,2,3,2,2,1,1,1,3,2,-1.5004724598287602,449.5,-14.28571428571429,8.855475224736496,6.908181478857223,7.4239068522386376,-10.015077964534157,4.62961030198322,-0.1573811728599684,-0.5158575231448772,-0.282501220703125,1.4750003814697266,5.9501953125,0,43.97999954223633,43.16999816894531,44.2400016784668,42.77000045776367,2659733
2024-06-25,1,3,2,3,2,2,2,3,1,2,2,2,2,-0.8911874285595545,454.0,-21.42857142857143,-7.605229114414577,-5.4753572328787925,-0.9642041980163842,-10.243481988670077,6.441809437277939,-0.102076937873412,0.07984321082404211,-0.08749866485595703,0.05500030517578125,-5.0,0,43.63999938964844,43.470001220703125,43.9900016784668,42.099998474121094,2021816
2024-06-24,2,3,2,3,3,2,2,3,1,3,2,1,1,-0.07458922654389966,428.2195538524247,-21.42857142857143,-7.709733790085033,27.70869233185072,0.9797169079516515,-10.705942943698098,6.5351570300716375,-0.06834000494022442,0.28824470757402354,-0.017500877380371094,-0.3924999237060547,-24.94970703125,0,43.29999923706055,43.130001068115234,43.58000183105469,42.41999816894531,2558183
2024-06-21,3,3,2,2,3,2,1,3,1,2,3,1,1,1.4777532678150465,577.0,-21.428571428571416,-23.579604393786838,37.64328342277551,2.3639920661123703,-11.64299795970738,6.561859352229163,-0.06137047599663342,-0.191412065793493,1.4750003814697266,-1.0824995040893555,-13.12451171875,1,42.81999969482422,43.720001220703125,43.779998779296875,42.58000183105469,12725711
2024-06-20,1,2,2,2,3,2,1,3,1,1,2,1,3,-1.4616230199955886,0.0,-21.42857142857143,-46.19680984094608,39.156723688125055,-2.4040535112207753,-12.394492347624613,6.120089192276247,-0.05418222487904936,-0.6915602465343995,0.05500030517578125,-0.44750022888183594,26.275390625,0,43.720001220703125,42.529998779296875,43.790000915527344,41.900001525878906,1939275
2024-06-19,1,3,2,2,3,2,1,3,1,2,1,2,3,-1.9723615986210348,311.99964237285894,-21.42857142857143,-54.29041838763507,34.91569110915121,1.2188064549546365,-12.371056995452307,6.729666674181054,-0.047840772854902236,-0.11435835077743262,-0.3924999237060547,0.25749969482421875,31.07470703125,0,43.349998474121094,44.220001220703125,44.220001220703125,42.560001373291016,566246
2024-06-18,3,3,2,1,3,2,1,3,2,1,1,1,1,0.7188261485902565,388.0,-21.42857142857143,-67.74738590829928,18.787352775193114,-5.660389678456301,-11.373954532619518,5.840280218015323,0.02370381865241128,-0.6663931727419772,-1.0824995040893555,-1.419999122619629,-53.67529296875,0,43.650001525878906,41.25,45.0,41.25,2019153
2024-06-17,2,3,2,1,1,2,2,3,3,1,1,1,1,-0.38818482189797976,287.0120731286588,-21.428571428571416,-66.33298278024348,-13.626888164501295,-4.06002868413478,-10.471237848405138,5.628092465473273,0.07043198687258198,-0.8665408906195249,-0.44750022888183594,-1.9000005722045898,-34.4501953125,1,41.43000030517578,43.0,43.4900016784668,41.29999923706055,986879
2024-06-14,3,1,1,1,1,2,1,3,3,3,2,3,1,0.3851871169727943,-249.6738557406934,-71.42857142857143,-65.13039649591991,-18.866338249931758,0.555790724122339,-11.035089410084726,6.855831979962538,0.05290471011799641,0.6122439736131651,0.25749969482421875,0.38499927520751953,-19.849609375,1,41.81999969482422,42.279998779296875,42.4900016784668,41.29999923706055,1923610
2024-06-13,3,3,1,1,2,2,1,3,2,3,1,3,3,1.385525633710202,376.0,-71.42857142857143,-65.46332421519747,-1.1832994679743507,4.157283296851727,-11.84881608282371,6.353445572237426,0.023772318640652212,0.7866913180292712,-1.419999122619629,2.090001106262207,20.12548828125,1,42.09000015258789,42.83000183105469,43.0,41.81999969482422,3247426
2024-06-12,3,3,1,1,2,2,2,3,2,3,1,3,1,1.683452751795837,405.0436038801563,-71.42857142857143,-61.72608616365093,13.920108357729575,1.9955221851710476,-10.080931465430801,5.661419961504805,0.02592490273339154,0.5495012356291862,-1.9000005722045898,1.664999008178711,-33.25,0,43.20000076293945,44.150001525878906,44.16999816894531,42.7599983215332,3010299
2024-06-11,3,1,1,1,2,2,2,3,3,3,3,1,3,1.2102318861453814,-563.6644380566722,-71.42857142857143,-66.13027529282358,9.72132007289251,-3.8189416411330814,-7.1257320698832505,6.097433728892476,0.051913902112086324,0.6873453020132616,0.38499927520751953,-2.9750003814697266,24.4248046875,0,44.0,43.2599983215332,44.79999923706055,42.31999969482422,2575747
2024-06-10,1,2,1,1,1,1,3,3,3,3,3,1,3,-1.3151519791407296,162.66666666665697,-71.42857142857143,-63.81851895875532,-20.0669257363365,-6.785451641949425,-5.958407282088542,5.111920919493166,0.05270043641682606,0.36969423472158613,2.090001106262207,-0.8274984359741211,20.349609375,0,43.27000045776367,44.66999816894531,44.72999954223633,42.81999969482422,1855390
2024-06-07,1,2,3,1,1,1,2,3,3,3,3,3,3,-2.926003169580861,-135.65992552958778,35.71428571428571,-68.64809886682569,-40.65574769755155,-11.256264057341149,-7.698439914530534,6.7390147277194,0.04673076966453757,2.8386097224996396,1.664999008178711,0.5199995040893555,17.0244140625,0,44.349998474121094,46.33000183105469,46.79999923706055,44.27000045776367,2675396
2024-06-06,1,1,3,1,1,1,2,3,3,2,1,2,1,-1.9722917306394017,-687.2730273797642,42.85714285714286,-73.90100782054074,-48.09104607678238,-11.847723582022352,-8.009968642810138,6.651874278582142,0.07612598517572942,-0.2225898644309081,-2.9750003814697266,-0.16499996185302734,-23.400390625,0,46.52000045776367,47.84000015258789,48.97999954223633,45.349998474121094,2496881
2024-06-05,2,3,3,1,1,1,2,3,3,3,1,3,3,0.11700734359038734,1058.999999999971,42.85714285714286,-81.20058309934888,-45.36860152130655,-17.73869812087964,-7.485625971438024,6.564726647043834,0.0992243536768639,0.2639817597542018,-0.8274984359741211,0.6700010299682617,75.2001953125,0,47.040000915527344,44.630001068115234,47.119998931884766,44.630001068115234,2216213
2024-06-04,2,2,3,1,1,1,2,3,3,2,3,1,3,0.25392192785645307,-94.56280184377101,57.14285714285714,-77.17655042381321,-29.534058901651072,-19.036594799258456,-7.423591398024806,6.498446311360354,0.0911838683576778,-0.04823083917535176,0.5199995040893555,-0.5850019454956055,29.82421875,0,44.599998474121094,42.689998626708984,45.58000183105469,42.689998626708984,2441347
2024-06-03,1,1,3,1,2,1,2,3,3,3,2,1,1,-1.1484366105536985,-304.7794558312453,64.28571428571428,-104.79607733121836,7.56873891582115,-23.366576964460183,-7.78020701118345,6.474303575769696,0.10110652429839986,0.1666934510882626,-0.16499996185302734,-0.9649991989135742,-67.724609375,1,42.040000915527344,45.59000015258789,45.59000015258789,41.13999938964844,6479555
2024-05-31,1,1,3,1,2,1,2,2,3,2,3,1,2,-0.9062569288417777,-531.5124977293308,64.28571428571429,-90.1116233649059,4.559895494719676,-24.182960925717033,-6.661945523653907,-0.5894909993328596,0.10628946594130682,0.05423906203495066,0.6700010299682617,-0.44499874114990234,-6.50048828125,1,45.400001525878906,46.119998931884766,46.790000915527344,45.119998931884766,6187263
2024-05-30,2,1,3,1,1,1,2,1,3,2,1,2,2,-0.013343808043998706,-296.41418514191173,64.28571428571428,-66.73364731467714,-24.778335183797658,-16.88965293778368,-9.769132728025497,-3.7263390043779694,0.08152361315384615,-0.020053394068689445,-0.5850019454956055,-0.05500221252441406,5.14990234375,0,46.599998474121094,45.40999984741211,47.40999984741211,45.40999984741211,1381648
2024-05-29,3,1,3,1,1,2,1,1,3,1,1,1,3,1.1077907857735845,-740.2740525370464,64.28571428571429,-58.46149290874094,-53.42591029278855,-2.640254731203825,-12.288400882293484,-5.619231186938087,0.06722929381201564,-0.532166413885336,-0.9649991989135742,-1.107499122619629,16.6748046875,0,46.38999938964844,46.29999923706055,46.880001068115234,44.279998779296875,1892701
2024-05-28,3,2,3,2,1,3,1,1,3,1,1,1,1,0.8892852975049728,103.76943109708373,64.28571428571429,-52.97236052955314,-29.217106455535315,7.588500836595955,-11.56549700377473,-6.613798850097105,0.047382194657664245,-0.4881778276207991,-0.44499874114990234,-0.46249961853027344,-38.54931640625,0,46.29999923706055,45.65999984741211,46.93000030517578,45.06999969482422,1188146
2024-05-27,1,1,3,2,1,3,1,1,2,3,2,1,2,-0.8240876331953793,-231.37019366020104,64.28571428571429,-51.49396269333189,-13.010909399081033,8.569275125158782,-10.980512050165565,-6.333801653880322,0.02014823750462444,0.3804293868776899,-0.05500221252441406,-0.2850008010864258,-7.24951171875,1,45.5099983215332,45.5099983215332,45.91999816894531,44.97999954223633,414167
2024-05-24,2,3,3,2,2,3,2,1,2,1,1,2,2,-0.12977392820637235,686.2064668824605,50.0,-28.759676571611337,2.943368262162682,7.645911103495052,-10.54003917339374,-6.745059657677352,-0.025116421340390604,-0.27952236274579334,-1.107499122619629,-0.08749961853027344,-8.650390625,1,45.83000183105469,46.79999923706055,46.79999923706055,45.79999923706055,867774
2024-05-23,3,1,3,2,2,3,2,1,1,1,1,3,3,1.9448841015470144,-986.8754607741721,100.0,-19.538194505715918,3.241036155799616,7.234338440293712,-10.096816284180626,-6.349057286984021,-0.04634181584123889,-0.7089472952295199,-0.46249961853027344,0.3775005340576172,15.8125,0,46.97999954223633,47.04999923706055,47.560001373291016,46.599998474121094,1072441
2024-05-22,3,1,3,3,2,3,2,1,1,2,1,1,3,1.7166093477152593,-236.7133789738291,92.85714285714286,-18.504169930387864,-5.051567749316291,15.06192549876755,-8.497216226346417,-6.276495399148338,-0.06402769614019255,-0.10357302113053035,-0.2850008010864258,-1.210000991821289,40.275390625,0,47.689998626708984,47.38999938964844,47.849998474121094,46.66999816894531,1144552
2024-05-21,2,2,2,3,2,3,3,1,1,3,2,1,2,0.050248964426160114,21.91556797249359,-7.14285714285715,-7.713582615546642,-0.09198466054448673,14.768830683475741,-6.278585810018061,-3.7374503987357954,-0.06381842847186672,0.22552470818046233,-0.08749961853027344,-0.44749927520751953,2.2255859375,0,47.5,48.0099983215332,48.2400016784668,46.880001068115234,1578815
2024-05-20,3,3,2,3,3,3,3,2,1,3,3,3,2,1.1387822687529443,790.5866563287564,-7.142857142857141,-7.077296470532371,18.183892343634053,11.32417581861717,-3.261655111008835,-2.241195610397483,-0.05165106455506094,1.1392635407952643,0.3775005340576172,0.41499900817871094,5.07568359375,0,48.47999954223633,48.95000076293945,49.400001525878906,48.189998626708984,864702
2024-05-17,3,2,2,3,2,3,3,2,2,1,1,3,2,0.6710344117163594,-105.79930625480483,-28.57142857142857,-0.01766061616163394,13.179296226211132,19.5635028350412,-1.712618166946708,-1.5554171401614028,0.0008603835292615436,-0.2708127605231617,-1.210000991821289,1.1175003051757812,-1.32470703125,0,48.849998474121094,49.79999923706055,49.900001525878906,48.79999923706055,1517277
2024-05-16,1,3,2,3,2,3,3,2,2,3,1,3,1,-1.330801541022101,696.1581019452424,-35.71428571428571,-6.695825963680599,13.258338518106694,15.183933569425541,3.229952597094826,-0.9003896944664902,-0.022935966893874143,0.7906807856938698,-0.44749927520751953,0.3875007629394531,-22.650390625,0,49.34000015258789,49.560001373291016,50.11000061035156,48.75,3233743
2024-05-15,1,2,2,3,2,3,3,2,1,3,3,2,1,-3.153559356109934,-35.39308430047822,-42.85714285714286,-6.2261390131943495,12.494290855679406,13.32526755664539,8.44758179611334,-1.9653842275080677,-0.03234965533972406,0.8839086636159014,0.41499900817871094,0.047499656677246094,-37.7998046875,0,49.369998931884766,48.150001525878906,51.0,48.150001525878906,1198692
2024-05-14,1,3,2,3,3,3,3,2,3,2,3,3,2,-0.8820975124248029,387.8545151601429,-42.85714285714286,3.8020811805145582,27.178340296014227,22.818764274904996,11.931473333875804,-2.3902512731622494,0.05027553975106774,-0.0630454199914503,1.1175003051757812,0.33500003814697266,9.400390625,0,48.959999084472656,49.72999954223633,49.77000045776367,48.689998626708984,916684
2024-05-13,3,3,2,3,2,3,3,1,3,1,3,2,3,1.6847733560103606,387.24087193459854,-42.85714285714285,8.5928407857749,9.000227533133476,11.943855410365293,15.30437075563669,-3.093938228520962,0.03403528965460749,-0.25968422139680036,0.3875007629394531,0.24499893188476562,51.87451171875,0,49.86000061035156,50.380001068115234,51.88999938964844,49.61000061035156,780469
2024-05-10,3,3,2,3,1,2,3,1,2,3,2,3,2,3.2010462973128995,879.0,-42.85714285714285,1.0902365880140736,-11.800719054482435,-1.3430481411368849,18.364384547316376,-5.778573899139907,0.014602443590734593,0.3129790715246301,0.047499656677246094,0.6050014495849609,-6.80029296875,0,50.709999084472656,50.40999984741211,51.38999938964844,50.20000076293945,1484146
2024-05-09,3,1,2,3,1,2,3,1,1,1,3,1,3,0.9575607556397294,-567.7694106747804,-42.85714285714286,-2.880802261391406,-18.81045377656792,-4.340839287218184,21.333706396700073,-6.354959268302281,-0.027060105679585417,-0.47407164317867767,0.33500003814697266,-1.017500877380371,67.125,0,50.630001068115234,48.97999954223633,51.56999969482422,48.52000045776367,1377193
2024-05-08,3,2,1,3,1,2,3,1,1,1,2,2,2,0.6175984450460046,-136.6329456907697,-78.57142857142857,-5.111805497112182,-27.248102868717666,-4.698500765022223,26.783785825214604,-6.187500330655048,-0.1195258536325492,-0.44397590505059026,0.24499893188476562,0.09499931335449219,12.900390625,1,49.209999084472656,48.97999954223633,49.880001068115234,48.58000183105469,1080962
2024-05-07,2,1,1,3,2,2,3,1,1,2,3,3,3,-0.1781780792957104,-1451.041451126599,-85.71428571428572,-17.954948394495634,6.631918819897052,-4.328613898825754,29.121867669127973,-6.035095229702549,-0.14870852490867775,0.05929284091242337,0.6050014495849609,1.1300020217895508,18.67431640625,1,48.97999954223633,48.720001220703125,49.22999954223633,48.13999938964844,942654
2024-05-06,2,3,1,2,3,2,3,1,1,2,1,1,1,0.2586699799908274,7961.3517614079465,-92.85714285714286,-49.938274064375165,19.361688922189618,-2.414214975177261,38.77327072374406,-5.953967543143662,-0.16372602442475429,0.015531140829602719,-1.017500877380371,-1.5250015258789062,-19.4501953125,1,48.540000915527344,48.79999923706055,49.689998626708984,48.369998931884766,1240582
2024-05-03,2,1,1,1,3,1,3,1,1,1,2,1,1,0.16057315995241872,-55974.999999999796,-100.0,-71.96624365381065,16.847596438973348,-9.535682321114987,44.4052733848273,-4.444451253157602,-0.13926321551072876,-0.2528344600046373,0.09499931335449219,-0.5200004577636719,-61.0,1,48.599998474121094,48.599998474121094,49.290000915527344,47.310001373291016,1408616
2024-05-02,3,2,1,1,2,1,3,1,1,3,3,1,3,0.4960415582384634,0.0,-57.14285714285714,-78.84711646907049,3.031528359392418,-11.142644601254975,44.54775029868554,-4.0459663908900225,-0.10501019652820365,0.7005509285469922,1.1300020217895508,-0.5049991607666016,17.0,1,48.310001373291016,48.20000076293945,49.130001068115234,47.06999969482422,1422136
2024-04-30,2,3,1,1,1,1,2,1,1,2,1,3,3,-0.3630086159039596,570.0,-71.42857142857143,-59.25002016679707,-51.79794805387839,-10.846995390944905,-10.805245575873272,-5.9579933344711975,-0.07277817400544975,0.044297404012876296,-1.5250015258789062,0.5975008010864258,53.05029296875,1,47.209999084472656,48.79999923706055,48.810001373291016,47.16999816894531,1599739
2024-04-29,2,3,1,1,2,1,1,1,1,2,1,2,1,0.03412388451187098,468.0,-71.42857142857143,-67.78819408160616,-6.337085067625569,-18.62581535872944,-10.99521564639408,-6.085601900982013,-0.06921588420125246,-0.19104138982098617,-0.5200004577636719,-0.07250022888183594,-19.55029296875,0,48.65999984741211,48.310001373291016,49.11000061035156,48.040000915527344,1385464
2024-04-26,2,2,1,2,1,1,1,1,1,1,1,2,3,0.3644139476198358,161.88694989900978,-85.71428571428572,-55.126435282998294,-13.016731654194249,-18.448417952841115,-11.38772971428407,-6.082586160822565,-0.08166337022953513,-0.30115116239003314,-0.5049991607666016,0.157501220703125,29.5,0,48.83000183105469,47.27000045776367,49.209999084472656,47.220001220703125,1089455
2024-04-25,3,3,1,2,1,1,1,2,1,1,3,2,3,0.8420376500433768,295.0,-92.85714285714286,-54.93687327300576,-27.47836201329336,-13.437169301382106,-11.56774030816402,0.2446056881426415,-0.09383142024159635,-0.5528525054500038,0.5975008010864258,-0.02500152587890625,19.82470703125,0,47.0099983215332,48.400001525878906,48.65999984741211,46.88999938964844,1779501
2024-04-24,1,1,1,1,1,1,1,2,1,2,2,1,3,-1.285819317795161,-234.0,-92.85714285714286,-66.05356341322907,-16.49816975036252,-8.336913675863514,-11.934527732717754,2.5820650412463593,-0.03548414811297407,-0.2210481163752508,-0.07250022888183594,-0.869999885559082,15.875,0,48.560001373291016,49.040000915527344,50.189998626708984,48.36000061035156,1830777
2024-04-23,3,2,1,1,2,2,1,2,2,1,2,1,2,0.4459547061948861,-126.70255317725241,-85.71428571428571,-77.14381019743793,-10.391372206682194,-6.589648579680855,-12.680265685690657,4.817944230507258,0.015469124863536576,-0.3843157288000305,0.157501220703125,-0.3600015640258789,3.9501953125,0,49.130001068115234,50.349998474121094,50.9900016784668,48.5,2099939
