Date,ABER_BAND_20_15_USU_L2_EXTI32_STF_BIN,ABER_BAND_20_15_USU_L3_EXTI35_STF_BIN,ABER_XG_20_15_USU_L2_EXTI20_BIN,AD_DIFF_USU_L4_EXTI2_BIN,BBPL_20_2_0_USU_L1_EXTI7_BIN,D_J_USU_L5_EXTI29_BIN,K_J_USU_L2_EXTI0_BIN,K_J_USU_L5_EXTI6_BIN,PVOh_12_26_9_L5_EXTI18_BIN,PVOh_12_26_9_L6_EXTI38_BIN,QQE_DELS_USU_L5_EXTI35_BIN,SMIo_5_20_5_L3_EXTI27_BIN,WCP_USU_L2_EXTI22_BIN,ABER_BAND_20_15_USU_L2_EXTI32_STF,ABER_BAND_20_15_USU_L3_EXTI35_STF,ABER_XG_20_15_USU_L2_EXTI20,AD_DIFF_USU_L4_EXTI2,BBPL_20_2_0_USU_L1_EXTI7,D_J_USU_L5_EXTI29,K_J_USU_L2_EXTI0,K_J_USU_L5_EXTI6,PVOh_12_26_9_L5_EXTI18,PVOh_12_26_9_L6_EXTI38,QQE_DELS_USU_L5_EXTI35,SMIo_5_20_5_L3_EXTI27,WCP_USU_L2_EXTI22,target,Close,Open,High,Low,Volume
2024-09-10,3,1,1,2,2,3,3,2,3,3,3,1,2,0.040171310795295234,-0.06745848300802892,-50.02715679275571,-984632406.1560059,0.34001064380026064,45.45610188021479,23.865320865170148,-7.4317423464908074,2.6913763681219813,25.476866356005697,5.829292985199096,-0.05616358727034576,-0.0025000572204589844,1,526.3200073242188,519.8300170898438,529.0599975585938,519.8300170898438,542403
2024-09-09,1,2,2,1,1,3,3,1,3,3,3,1,1,-0.023785882694378202,-0.013551332128141969,-8.563030468086664,-4083823154.329651,0.19601027278918076,37.476813348502596,28.38173914097262,-11.734888601759309,2.233621283430488,42.95799840172672,6.45237216878683,-0.06682580754199482,-0.022500038146972656,1,519.52001953125,514.6300048828125,528.4500122070312,514.6300048828125,322067
2024-09-06,2,3,1,2,2,3,3,1,3,3,3,2,3,0.004312178887894813,0.056186839189032334,-98.94753507732442,-1230799290.9594727,0.4906382060637936,26.87430071360339,31.113708841230736,-19.69756862348565,0.8988434673645846,66.20764733078464,6.515929065040012,-0.013600783831793195,0.01249992847442627,1,516.0599975585938,527.6300048828125,531.5,513.1199951171875,147480
2024-09-05,3,3,1,3,2,3,3,1,1,3,3,2,2,0.020876364662822722,0.04167896749540212,-88.33325289712916,5193591649.993408,0.34729424643748846,48.545834818543774,29.590496264748193,-34.92499211182407,-1.7606596113866537,89.8626988671185,6.563363484429367,-0.013735492873661215,0.0,0,525.6599731445312,526.3800048828125,537.1799926757812,524.3900146484375,338927
2024-09-04,2,3,1,1,1,3,3,1,1,3,3,2,3,0.005013471722112417,0.02368227003366652,-47.54447784875248,-4463826407.236389,0.3216559935234054,46.229649883921994,17.827316974500796,-39.723722595782235,-2.3221546499589847,0.9450848245817483,6.6354842427475305,-0.011527597495907371,0.047500014305114746,0,529.1699829101562,523.010009765625,537.1599731445312,522.2899780273438,402152
2024-09-03,2,2,2,2,2,3,2,1,1,3,3,2,1,-0.01261292656242663,-0.0019629961581637545,-5.16462275241438,-1419180829.1696167,0.43965059933523676,22.011796204906787,-5.410675036907854,-43.412845068363794,-2.9195515865707,1.3078490064071175,6.717256549031859,-0.0044796355369083884,-0.08500015735626221,0,526.4000244140625,530.2000122070312,537.7899780273438,523.8499755859375,295513
2024-09-02,2,1,2,3,2,3,1,1,1,2,3,2,3,-0.0141654837553713,-0.05757070244065421,36.85685468498443,2954959925.97406,0.5514963184790961,16.326815946232884,-13.763363582698126,-38.08240611546574,-2.8111210486495164,-0.14216019322083895,6.799376861726145,0.022192080311968232,0.19249999523162842,0,529.989990234375,530.5900268554688,545.0499877929688,525.97998046875,222026
2024-08-30,1,2,2,1,3,2,2,1,1,2,3,3,1,-0.04313462225151232,-0.029808927695363696,6.027636262487582,-2003241689.2949219,0.7555289573959143,0.5181643276053478,-9.8917998917698,-20.743355347036278,-2.8094722344968037,-0.9300576248691499,6.880566084707034,0.041338541421522434,-0.009999871253967285,0,527.719970703125,535.5499877929688,536.5499877929688,526.0800170898438,801520
2024-08-29,1,1,2,2,2,2,1,2,1,2,3,3,2,-0.030592552573808884,-0.061458667214755014,87.59177485112743,2546151568.0108643,0.6838857148381773,-1.1690328508622514,-20.46164020007317,5.062790529465275,-3.5847623815873653,-1.779687247327388,6.524702128499285,0.059910366348584654,0.0,0,533.5700073242188,520.6799926757812,537.8900146484375,520.6799926757812,378839
2024-08-28,1,1,3,1,3,1,1,3,1,2,2,3,1,-0.032947003737704206,-0.04808940926432914,120.89969618115298,-4351446482.78125,0.8842408047669575,-23.886129758045968,-23.95128012599544,15.40495874905501,-3.6041764084283203,-2.6402662304467697,4.716897341283946,0.06376383476026654,-0.10000002384185791,0,532.010009765625,523.0,543.0,522.0,372481
2024-08-27,2,3,3,2,3,1,2,3,1,2,3,3,1,-0.013647573890720688,0.02842597455827134,93.63008170898141,2324004378.6176147,0.938675847765155,-31.410175669505435,5.888006171126278,17.109626889965423,-3.74208117889321,-4.104256570637105,5.942533663895141,0.06322988383136086,-0.060000061988830566,1,522.010009765625,529.7899780273438,535.969970703125,521.4500122070312,330057
2024-08-26,3,1,2,1,3,1,3,3,1,2,3,3,2,0.007192545207421519,-0.03932601271693281,56.86922782678718,-1730062659.7353516,0.9524373121420018,-42.03277042387883,24.760542034967852,10.785370543346051,-3.334068865476002,-3.9802338427992368,6.918459000503866,0.06103960980905865,0.0,1,529.5999755859375,534.3499755859375,536.989990234375,522.3200073242188,357981
2024-08-23,2,2,3,3,3,1,3,3,1,2,3,3,3,-0.010238422320582696,-0.02254566633129773,128.57562112630703,5538755874.243774,0.7796591871784763,-48.08656275178363,33.61626028245938,10.553517969224771,-3.0748431268155656,-4.396740784226509,7.147944510987372,0.05187789739279486,0.01250004768371582,1,527.239990234375,526.9500122070312,527.2899780273438,521.5,144449
2024-08-22,2,1,2,2,3,1,3,3,1,2,3,2,2,-0.016625230632300703,-0.05274621536538149,73.86297075529298,2570593572.955017,0.961414415810616,-54.669131388511225,27.804255062103287,10.446456760619938,-2.811454931210381,-5.5100236642267575,6.7068193578834325,0.0258129943726087,0.0,0,527.0900268554688,525.0,533.5800170898438,525.0,314790
2024-08-21,1,1,3,3,3,1,3,2,1,2,2,2,2,-0.03553666247967091,-0.06679796929650195,101.42778058957096,5081933134.9939575,0.9790567421412812,-51.308737359376494,13.112960779861396,3.5253072621888535,-3.1500673204204563,-4.123923115185448,5.058615445869613,-0.003912408736004819,0.0,0,530.969970703125,530.5,533.760009765625,520.9099731445312,532366
2024-08-20,1,3,3,2,3,1,2,2,1,2,3,2,1,-0.0260137242626699,0.05788778247985782,94.24783037077273,2013269428.744751,0.927891490461115,-36.621456891611736,-7.971708128489425,-5.6705277635127445,-2.5921277097602875,-2.708732927432113,6.251176473778045,0.002850545100482327,-0.027500033378601074,0,531.010009765625,524.219970703125,537.1799926757812,524.219970703125,222835
2024-08-19,3,1,3,3,3,1,1,2,1,2,3,3,1,0.0339643291723879,-0.055846124192614255,99.8416980177167,5241475082.178223,0.7705220405022367,-26.100930195229957,-19.872249668338938,-4.088069893299192,-2.23594780775465,-2.849004237948659,7.055296452381739,0.03989673977936539,-0.040000081062316895,0,531.6099853515625,529.2999877929688,532.9400024414062,527.010009765625,502507
2024-08-16,2,2,2,2,2,1,1,1,1,2,3,3,2,-0.005545550461065307,-0.03362768928553894,-14.672290131215588,-845718801.4638672,0.6059948951299476,-25.36879829384918,-20.24256887601969,-8.283318946118492,-0.8495856102781789,-1.8966034141608574,7.070923648117912,0.05380128645700097,0.0,1,525.25,526.780029296875,528.6300048828125,523.0399780273438,191406
2024-08-15,2,1,2,3,1,1,1,2,3,2,3,3,1,-0.01374349250445106,-0.06189649853150181,28.346167868643864,3416706500.122864,0.24057579336136,-18.86915823982881,-33.43009786787434,-4.3423595668066,0.9462410511320778,-1.1693203572960869,6.9708998858361895,0.06554343242134764,-0.022500157356262207,1,524.1900024414062,524.3800048828125,529.3499755859375,521.1099853515625,191867
2024-08-14,1,1,2,3,2,2,1,3,3,2,2,3,2,-0.022577881959535695,-0.03569237136768866,26.143385365382372,4892759558.767578,0.3448987819598799,-5.281059792476217,-42.09144562922796,10.967539894963696,2.4698041849181234,0.2718731041145155,-2.3266519699578083,0.09071100946886611,0.0,1,524.4299926757812,519.6500244140625,527.0999755859375,517.75,289208
2024-08-13,1,3,1,1,2,2,1,3,3,3,1,3,2,-0.02599239536604747,0.039893220844394506,-44.42333218019874,-5550530590.839539,0.382023064367716,-8.811284242293997,-29.151841928614267,17.077677099177837,3.3764460580903957,1.8731178542716087,-5.339018369161238,0.04746484180856275,0.0,0,522.27001953125,513.0,522.9600219726562,513.0,195748
2024-08-12,3,2,1,2,1,2,1,3,3,3,1,3,2,0.026096282505073454,0.015628318968945454,-30.620294227791895,-297022233.7954712,0.27301163873038614,-1.079363375551825,-23.09294404166011,10.4847271666507,4.170947022767914,2.6754814692188127,-6.576943639363719,0.07304187858113673,0.0,1,513.77001953125,513.8499755859375,519.3599853515625,505.94000244140625,361811
2024-08-09,2,3,1,2,1,2,1,2,3,3,1,3,2,0.0016992842688716703,0.06393924203980417,-73.38443919486961,2190718441.227661,0.2550397291493887,3.32645913775141,-11.094595193005649,5.529351260483921,3.4714631587387665,5.832102879889781,-6.430020686321484,0.03393052371589772,0.005000114440917969,1,511.5299987792969,525.5800170898438,525.5800170898438,510.75,190358
2024-08-08,3,3,1,2,1,2,2,1,3,3,1,2,2,0.021643903860872227,0.08673587812835803,-108.73539999876493,913891390.0274658,0.11230745742766357,-11.771902560298809,0.7183652083556176,-16.754734769968515,2.3438225635563255,5.262321240745823,-6.311599953325953,-0.005895779117118555,0.0,0,522.5499877929688,524.6500244140625,529.47998046875,521.0599975585938,205398
2024-08-07,3,3,1,1,1,1,2,1,3,3,1,1,1,0.08324675321476982,0.19199605148104393,-125.85058644808866,-4094202656.994629,0.11467425810086523,-24.951944461951413,2.903293161220425,-35.30799331999432,1.3897015506563537,7.059137570011124,-6.262020257265618,-0.03725374618440261,-0.04250001907348633,0,520.510009765625,533.0499877929688,533.6500244140625,519.5399780273438,316642
2024-08-06,3,3,2,2,1,2,2,1,2,2,2,2,3,0.1219755219661498,0.09229112093638192,9.355203824365306,1631671804.5198975,0.06246688414696004,4.802486260642709,4.7375326397850035,-38.0887849487541,0.0943477282818285,-2.1496494573053866,2.0320192623217537,-0.02289380040094785,0.027500033378601074,0,532.52001953125,526.719970703125,534.5999755859375,524.0700073242188,360967
2024-08-05,3,3,2,1,1,2,2,1,2,1,2,2,2,0.055116452280274286,0.07779548505318501,8.311517134015217,-2321859836.7438354,0.23979358865361972,6.520004580809424,-2.549004258479112,-25.901182821882813,0.07121973430858684,-6.566533306271687,3.8771397924641207,0.013352443988933892,0.0,0,527.3499755859375,529.8200073242188,537.8300170898438,524.4500122070312,425574
2024-08-02,3,2,2,1,1,3,2,1,3,1,2,2,3,0.04132075194835816,-0.032682728492221536,55.98153046090874,-1970451592.7544556,0.23174200535203707,15.232376215760024,-1.4740533516591867,-8.806672492483877,1.0996237015181114,-6.792624364566496,5.215848344847814,0.005350988719153828,0.014999866485595703,0,534.0,547.5,547.5,528.0700073242188,208641
2024-08-01,2,1,2,2,1,3,3,2,3,1,3,2,3,-0.014062299976698944,-0.03852692219565568,-6.5853359797350475,521834376.7351074,0.2943577586481311,26.759673804336092,11.537702141206038,-6.511531188434283,1.9484472875488312,-8.124381416754165,6.359534601958899,-0.024266278705830244,0.11249995231628418,0,548.6799926757812,560.0,564.5599975585938,548.010009765625,161457
2024-07-31,1,2,1,1,1,3,2,3,2,1,3,2,1,-0.027123649515510495,0.002306109493094066,-69.15242037056889,-2574859606.467285,0.1889880934227875,30.295620305988965,7.578475581140783,12.161604856946262,0.5876896706628836,-10.360245247479462,6.39328684475398,-0.0037934906184689116,-0.07249999046325684,0,559.5499877929688,565.0,573.469970703125,553.02001953125,319733
2024-07-30,2,3,1,1,1,3,2,3,2,1,2,2,3,-0.00035027895279504673,0.02966934627330642,-127.0712748732781,-5837861599.563904,0.025581806871521978,25.312418062126934,0.14897350834792533,14.007020229339465,0.10455138580829493,-11.982362166025837,-1.320990734277835,-0.009080408523349022,0.09750008583068848,0,554.5999755859375,548.9600219726562,561.510009765625,548.9600219726562,306628
2024-07-29,3,3,1,1,1,3,2,3,2,1,2,2,1,0.011899237082776959,0.028354994058131577,-124.10709503016415,-3135711834.6656494,-0.002803446266375616,35.163505581390645,-4.665758391298517,16.577839168843852,0.5631709600798036,-13.462751293209244,-2.0847450395688227,0.028530602841487958,-0.05500006675720215,0,549.969970703125,557.4299926757812,566.0700073242188,548.8900146484375,463311
2024-07-26,2,1,1,3,1,3,2,3,3,1,2,3,3,0.0007183793866979427,-0.06710925345233187,-60.63253882710169,3401745170.9210815,-0.087002693302354,57.11061614950756,7.30810627707616,16.49587584243219,1.5949002437849584,-13.276590895755998,-3.9876204051878616,0.03373210042672873,0.09999990463256836,0,559.7100219726562,564.3499755859375,566.7100219726562,553.010009765625,199824
2024-07-25,1,2,1,1,1,3,3,3,3,1,1,2,3,-0.03138426201178868,0.014281738737931704,-117.19031188058344,-3537945862.6382446,0.20540575541966255,59.72665124572371,13.078389178235497,15.76376847107517,2.0767191950325605,-13.599179224157236,-5.844300403984263,0.02421067761947606,0.14999985694885254,0,559.6799926757812,573.47998046875,573.47998046875,556.5399780273438,402943
2024-07-24,2,2,1,1,1,3,3,3,3,1,1,1,1,-0.011396745230819794,-0.0263945946288604,-111.17299757747577,-2381805483.560486,0.21744035241614154,61.229762682614314,10.764488807384442,12.258945367730547,2.025595794501272,-13.810794594493917,-6.543554969696146,-0.033980179550421596,-0.015000104904174805,0,570.0,568.1300048828125,579.989990234375,566.2899780273438,286869
2024-07-23,2,2,1,1,1,3,3,3,3,1,1,2,1,-0.01227169153371832,-0.028782522703414193,-65.49227553852208,-4853154936.890564,0.22530576293925467,36.77853187851984,11.500492758886281,10.063599969509287,1.135400510989031,-15.657578007402085,-6.578356396977497,-0.0072617700721484685,-0.0550001859664917,0,567.52001953125,552.6799926757812,576.72998046875,552.6799926757812,256998
2024-07-22,1,1,1,2,1,3,2,3,2,1,1,2,3,-0.0274286166985247,-0.061176888094705895,-30.381724109804583,1699735513.5201416,0.20456643592746432,35.318094809209356,-5.179913745077549,18.438839765665623,0.20170922056614593,-15.219340856707657,-6.071458077964422,-0.011427702596692804,0.14499998092651367,0,567.5700073242188,558.0,568.0,551.3200073242188,230773
2024-07-19,1,2,2,1,2,3,2,3,2,1,1,3,1,-0.027445879698462683,0.00618049809961807,37.58591021140271,-2107208905.701538,0.4557537480339452,28.728282768556767,7.131129511756825,40.60779343157259,-0.07866814007360157,-15.021406607488938,-6.649984759747255,0.05567429450732453,-0.007500052452087402,1,556.4000244140625,549.0,560.0,540.1900024414062,197651
2024-07-18,2,2,2,2,2,3,3,3,1,1,1,3,2,-0.013203203287390775,-0.0006640948570031391,50.58028123575206,-1187080951.359436,0.4861234113826451,19.53983993695391,21.189360298555133,40.73234074118123,-0.7037131691851939,-16.24434105385849,-6.667872227333589,0.08316728049331379,0.0,1,554.010009765625,554.0,561.7000122070312,545.8300170898438,226844
2024-07-17,1,1,2,1,3,2,3,3,1,1,2,3,2,-0.02014493200717471,-0.04560325789418096,50.4539728531351,-5052006872.992249,0.7928934553921636,-11.161873096328165,18.49077613701203,32.4572197120949,-2.5255695151882325,-15.839781137119093,1.5572303569818118,0.09554197458725766,-1.1920928955078125e-07,1,553.0399780273438,554.239990234375,558.469970703125,550.010009765625,371520
2024-07-16,2,3,2,3,2,2,3,3,1,1,2,3,1,-0.017489585203556146,0.07061835904274805,57.52211448454429,4796835087.8654175,0.6697770835428744,-10.38935077222925,20.06790254792454,25.86192156586548,-3.199825958824383,-14.276085403818884,1.9895670590058288,0.08778805972971863,-0.0549999475479126,0,557.9199829101562,555.3400268554688,558.25,545.6900024414062,293010
2024-07-15,3,1,2,2,3,1,3,2,1,1,2,3,2,0.040000133584783715,-0.06302379908624767,83.4169306259206,-1296671026.3982544,0.7517305390982794,-18.316458042257025,23.15643460748563,6.702585648820417,-3.6895600958943287,-11.03878724341208,1.7747463979083875,0.06259542893129585,0.0074999332427978516,0,553.989990234375,560.0,560.02001953125,547.8599853515625,196380
2024-07-12,1,1,2,3,3,1,3,2,1,1,2,3,3,-0.03603261677439451,-0.034730432627312346,67.47412596317633,3409083546.8446045,0.9302136644761902,-21.83897103404847,33.683688467986975,1.9976537138357884,-4.028583817960943,-5.81477932441846,3.0792283794546407,0.03846448204589814,0.04999995231628418,0,558.989990234375,551.260009765625,561.47998046875,550.0399780273438,262554
2024-07-11,1,1,2,3,3,1,3,2,1,3,2,2,2,-0.03085907816257527,-0.049224076519125415,48.48137142684742,4073854286.2091064,0.7808979558204544,-22.547751596264106,40.84782318129077,-7.318180776880993,-4.440867963672623,1.1667108018008818,4.566419634699919,0.009889546326031895,0.0,1,550.010009765625,557.3900146484375,558.2999877929688,546.8099975585938,156201
2024-07-10,1,3,3,3,3,1,3,1,1,3,3,2,2,-0.03935443096610691,0.06915266061646497,93.7127578405773,3942473062.5042725,0.8125980448512969,-19.355268635526414,22.93247708174121,-16.16361792159485,-3.318459081504206,10.515730612835775,5.792253590210457,0.012404769540155347,0.004999876022338867,0,557.72998046875,542.9199829101562,557.8400268554688,539.0,258494
2024-07-09,3,3,3,3,3,2,3,1,2,3,3,2,3,0.05566316474862942,0.05472951996374542,196.97858916930852,3713960000.0,0.7967605501946465,-8.16914128628757,9.970077348944557,-22.011191252898456,-0.06187209061331789,23.230781840414565,6.617933052548722,0.011868039283813636,0.03249979019165039,1,542.9199829101562,544.27001953125,548.4600219726562,538.9199829101562,220143
2024-07-08,3,3,3,3,3,3,2,1,3,3,3,2,2,0.03878434458221025,0.03789107803398295,158.66912377356536,4426580147.604309,1.0901624906101515,19.19674841769738,1.078797649543688,-25.60452611863839,2.051550734711987,40.2570349330109,6.544632102619033,0.0028706736839585467,0.0,1,540.9600219726562,522.0,544.8599853515625,522.0,262673
2024-07-05,3,2,3,3,3,3,2,1,3,3,3,2,2,0.020289749727698814,-0.030613078702045993,109.5073579730806,4532968510.717346,1.0685397427103476,23.922157577456844,-1.325262745502144,-29.908974278212668,4.7815075872605926,62.31335399279781,6.482831794387309,-0.023361018401435396,0.0,1,532.8300170898438,544.0700073242188,544.969970703125,532.0800170898438,186365
2024-07-04,2,3,3,1,3,2,3,1,2,3,2,1,2,-0.018774700106736653,0.1389433776034774,96.07306630578407,-8455857485.045715,0.869703493688974,-3.3724339987418688,12.656132943794645,-22.182541869870974,-0.3788740509710573,84.27676214758768,-2.8059087598123753,-0.07259511504957772,0.0,0,541.9500122070312,542.0,547.8800048828125,536.0700073242188,31601
2024-07-03,3,3,2,2,2,2,2,2,2,3,2,1,3,0.040544721494738756,0.12385690257283155,37.98747093491602,2500039832.5358887,0.4119036786004514,0.33148818616500364,3.9131744292240427,-0.8995029476870755,0.343360725876918,8.042943045832867,-3.902130194332287,-0.08830966588234226,0.12250018119812012,0,543.719970703125,539.0,552.469970703125,528.7999877929688,215695
2024-07-02,3,2,3,3,2,3,2,2,3,3,1,1,1,0.04083559887848642,-0.0032045924023871297,106.70307518997922,4591868424.905029,0.387125523802964,12.062265134099235,2.684073007390552,4.605454319238149,1.5071969167491583,6.761847463329747,-6.6376574639661285,-0.1346876027952083,-0.12000012397766113,0,537.030029296875,548.25,554.97998046875,530.4400024414062,363295
2024-07-01,2,3,2,3,2,3,2,2,3,3,1,1,1,-0.007145387750507326,0.045430046746165686,69.81377683125562,3986146074.2713623,0.34364859098286843,25.34645341514819,-2.401655551305339,-3.6502381552525307,3.138998400120961,5.069351546227708,-6.74059145769079,-0.1417832525161242,-0.07000017166137695,0,554.3300170898438,556.1500244140625,559.1199951171875,543.489990234375,598025
2024-06-28,3,2,3,1,1,3,2,3,3,3,1,1,3,0.008570614656276843,-0.03375521009007021,170.64708479304312,-5372644028.937073,0.20368059020293564,19.905582065527412,6.99771596589035,18.472461554567147,5.197216397000027,2.234049625782596,-6.555295858537804,-0.155385003372133,0.16500020027160645,0,551.5499877929688,547.1799926757812,553.469970703125,538.9099731445312,669066
2024-06-27,1,2,2,1,1,3,2,3,2,3,1,1,1,-0.02730832486421242,-0.03186563038965162,29.61641998058576,-1503450042.8641968,0.18697685143069662,15.232700489817901,4.806040642830041,25.095522281850343,0.07883846806285044,1.9888404462236124,-6.75558905196803,-0.1573811728599684,-0.022500038146972656,0,547.1300048828125,551.8300170898438,552.4600219726562,538.9000244140625,286810
2024-06-26,1,2,2,1,1,2,2,3,2,3,1,1,2,-0.031198095958967054,-0.02620072148179009,77.73149671865411,-3172107161.2405396,0.16767164347411043,3.90305641257531,-5.990840941929989,26.104482458750034,-0.478820555494073,1.7494060272242749,-6.945047308708865,-0.102076937873412,0.0,1,547.8099975585938,551.239990234375,560.3800048828125,545.5599975585938,463347
2024-06-25,2,3,2,1,1,2,2,3,1,3,1,1,1,-0.019102079275964634,0.025277217299835453,44.78117796216184,-1706472809.3979492,0.3235955669886253,-5.904688176300681,-4.770013044052163,23.27712740610081,-0.8859548216408326,1.5310682132000437,-6.96078983209955,-0.06834000494022442,-0.0074999332427978516,0,556.0,573.0,573.0,550.2000122070312,391496
2024-06-24,2,2,2,2,1,2,1,3,1,2,1,1,1,-0.004023905589819021,-0.03139104966617201,-12.631755745989482,2294026562.793335,0.326179511129411,-10.312082364880112,-15.546472524734469,12.524901850128742,-1.0197706502050568,0.6022497092924581,-6.624276237683333,-0.06137047599663342,-0.06749987602233887,0,566.4600219726562,565.1727492780368,571.4125702072089,558.3727491116776,419095
2024-06-21,2,1,1,3,2,1,1,1,1,2,1,1,3,-0.01839875627070353,-0.062028184117052465,-32.67901130473953,2866220505.7003784,0.6395737332849458,-15.261628836320298,-20.15241863202472,-9.084592109667526,-0.86772941447079,-1.3888688064135835,-6.892636786054894,-0.05418222487904936,0.1875,0,565.5166625976562,564.4652169487471,571.4616997921589,549.4600901318687,2480631
2024-06-20,1,2,1,3,2,1,1,1,2,2,1,1,3,-0.02162578249023639,-0.009101795559699921,-54.662240690428995,4532910062.802124,0.47387621218416687,-15.181582978515564,-24.755827429545462,-12.577558833287839,-0.522611565647656,-3.330582324390889,-4.791869375509982,-0.047840772854902236,0.017499923706054688,0,564.4750366210938,553.6461843440414,567.1773316285977,553.6461843440414,260111
2024-06-19,2,1,1,2,1,1,1,2,2,2,2,2,2,0.003468274210641775,-0.05180567231196065,-87.74267819689113,756394947.7995605,0.2909666773575434,-20.014361747013865,-27.828608486748777,-0.7888663119829005,-0.1752414936208555,-3.804420149969033,-2.7028937253492273,0.02370381865241128,0.0,1,553.6461791992188,562.0773563376653,563.0207245411909,550.2953598106513,126547
2024-06-18,1,2,1,2,1,1,1,2,1,2,2,3,3,-0.03305532508866316,-0.016102757485539465,-147.07269144695076,20078819.056152344,0.22392749112613528,-27.973054771663342,-29.72411000189156,9.280072238486383,-0.7646416548539994,-4.166696184796713,-0.8903553468383265,0.07043198687258198,0.04999995231628418,0,565.7721557617188,551.2976999767031,569.9385938168513,551.2976999767031,235552
2024-06-17,3,3,1,3,1,1,1,2,2,2,2,3,1,0.018044936781247856,0.08209047084540022,-172.4182376051417,4945828346.694153,0.21843277049102983,-28.473659107875818,-34.10567478297919,6.4808800485950115,-0.5675339600868183,-4.352568815252916,-1.2689009129352726,0.05290471011799641,-0.06750011444091797,1,555.6311645507812,556.1814476830032,559.0114923562484,553.2334894797364,143535
2024-06-14,3,1,1,3,1,1,1,1,2,2,2,2,3,0.08296766585665583,-0.03770597816056598,-136.7347699605485,3811520088.829956,0.08556093707304831,-27.658862152715372,-32.79434922612381,-13.377950490890996,-0.35031183932185317,-4.333550885761667,-3.9260343314512838,0.023772318640652212,0.13750004768371582,0,554.2554321289062,554.5993965751212,559.6796944681702,548.2317660101354,264997
2024-06-13,2,1,1,1,2,1,1,1,2,2,1,2,1,-0.015417566431752627,-0.051358609935834965,-192.21046430655616,-1812771854.796875,0.3692117492770949,-30.73027891002191,-23.921479860307933,-27.103831798367693,-0.16184568604636188,-3.734510074881321,-6.221097581808017,0.02592490273339154,-0.12000000476837158,1,554.8057250976562,558.972223186152,562.9322826268968,549.8138922527111,333362
2024-06-12,1,3,1,2,1,1,1,1,2,2,1,3,3,-0.04301046944604514,0.0850661911728332,-151.62101513248632,-578688254.8418579,0.114272054509208,-21.622197603788884,-12.99631037402387,-32.06069738452159,0.3701938108780667,-3.156722183308453,-6.075657984672979,0.051913902112086324,0.03249979019165039,0,559.011474609375,567.7177631656316,572.09057969026,549.6271532888379,384693
2024-06-11,3,1,1,3,1,3,2,1,3,2,1,3,3,0.08264330873317705,-0.06223190866789485,-162.59614639122117,5324104801.291077,0.29759842094654393,12.317761902458159,0.16251860912163707,-30.245734347537706,1.2308102089692021,-3.4593368007236904,-5.937470840592994,0.05270043641682606,0.1099998950958252,0,558.17626953125,559.2866119588242,572.0709338133055,555.2479235567288,386070
2024-06-10,1,2,1,2,1,3,2,1,3,2,2,3,1,-0.03452532024663224,-0.016657200034071673,-49.237565908553236,2496995803.9400024,0.23953276671671764,26.660750039561208,5.395186529642945,-19.689372601100715,2.1949239655479995,-2.6338463289406278,1.082503343829302,0.04673076966453757,-0.0549999475479126,0,558.6282348632812,552.4572069730715,568.5038826981165,549.0080863317114,261119
2024-06-07,2,3,1,2,2,3,3,2,3,2,2,3,1,-0.006194475498533247,0.021272955582263497,-88.48875352224628,2078987285.2355957,0.6576917800693441,41.76536767958499,18.846526318213062,5.045825943880764,2.6828662960598395,-2.2116714120744803,4.797225489849801,0.07612598517572942,-0.01250004768371582,0,556.1421508789062,567.8553544210716,570.7246835488141,552.3687380724866,699099
2024-06-06,3,3,1,3,2,3,3,2,2,1,3,3,2,0.012054020774647345,0.06543290693021353,-93.87937321479602,4567384802.659241,0.428899886602314,54.711589362785716,26.724880123927793,3.0399303298131173,-0.4584112765932018,-5.689798696179395,5.76686320988248,0.0992243536768639,-0.004999876022338867,0,568.50390625,565.3594653986986,579.6177065679352,562.9519541411246,865074
2024-06-05,3,2,2,1,2,3,3,1,1,1,3,3,1,0.031568369076513614,0.002015768046678579,-1.746990478667487,-3697610825.307678,0.379533958245357,22.021635781865697,26.995055564202804,-16.518890122531772,-1.1063175315834646,-9.399744657169592,5.748188630206762,0.0911838683576778,-0.06500005722045898,0,565.3594360351562,541.9329690609461,566.233951364208,539.5451301750305,650353
2024-06-04,2,2,2,2,2,2,3,1,1,1,3,3,3,0.0033128200790044637,0.0019099509618669686,80.02637201037147,-1289323933.650879,0.5882630058184541,4.85890043541788,15.433988142653355,-35.6172735285257,-1.2898688462096035,-9.572462921114163,5.701423343937634,0.10110652429839986,0.06499981880187988,1,545.5687866210938,527.0949280058373,555.0415729667765,527.0949280058373,920015
2024-06-03,2,3,2,3,2,2,2,1,1,1,2,3,2,0.0034131441153415487,0.04046951090859596,75.56017395503603,4896511592.855835,0.5562520967930749,8.232411805942206,3.7302490449563734,-19.478070970356875,-2.00375091955452,-10.139810683161151,-0.41927469677023765,0.10628946594130682,0.0,1,526.633056640625,560.1120414747063,560.1120414747063,517.6418203817162,695564
2024-05-31,3,3,3,3,3,3,1,1,1,1,2,3,1,0.009763264270502559,0.05347381325013645,124.67180336574134,4408258996.125549,0.7256129727385416,12.348617159020748,-18.018531980233483,-8.673939599387356,-1.9381354794739176,-11.170809589592281,-2.343564053805082,0.08152361315384615,-0.012499809265136719,0,562.7848510742188,559.1195755294564,565.8605589627923,553.665864792436,1441415
2024-05-30,3,2,3,3,3,3,1,2,1,1,2,3,1,0.020326592555390488,0.0019025988028080754,214.74750604801352,4046903215.295105,0.8536291107081987,20.142506091952285,-22.44869136954062,1.962245508108456,-0.6897614886631672,-12.203937700183584,-3.23052157646255,0.06722929381201564,-0.0475001335144043,0,561.7727661132812,553.8034665197442,564.9368792532231,543.7607239934426,527543
2024-05-29,2,1,3,1,3,2,2,2,1,1,1,3,3,-0.0047934892079144475,-0.05426445462395435,187.1341708157895,-4941495221.308533,0.8607152685928681,1.2091454069118441,-4.717861152237013,2.1606907705330762,-0.9570008765738793,-14.604757932869571,-4.560957860448752,0.047382194657664245,0.027500152587890625,0,548.7918701171875,530.6324671021283,553.2924363537684,530.6324671021283,438158
2024-05-28,1,2,3,2,3,2,3,2,1,1,1,2,1,-0.031967012475881185,0.010710492345022526,155.50404871590098,1815463440.8250122,0.7929249599061892,-6.062808789893197,12.047946743607973,-3.3677118328775286,-1.246067646637286,-15.020812268066678,-4.73883698410377,0.02014823750462444,-0.0475001335144043,1,536.0567626953125,557.1641251762179,557.1641251762179,529.4140203192153,398245
2024-05-27,3,1,3,3,2,2,3,2,1,1,1,2,3,0.010832566374513908,-0.03806883288203644,141.94343266114464,5573583759.7821045,0.714890001130703,-1.376179510714067,19.415271614534113,-0.06132310702965782,-1.1229953393713683,-15.903490577992198,-4.762681236397668,-0.025116421340390604,0.07500004768371582,1,548.0883178710938,540.6287208855913,557.2152240777825,540.2913648884313,79160
2024-05-24,1,1,3,3,3,2,2,3,2,1,1,1,1,-0.025299766847357574,-0.044176056203425906,234.1658254957387,3759879536.6418457,0.7308260943889401,4.98973651122229,5.161916424649895,12.122594895756034,-0.22399907019240295,-16.67107100396914,-5.637397585749071,-0.04634181584123889,-0.0625,1,536.3495483398438,559.5282870219568,563.9134442606169,535.0580660913994,528125
2024-05-23,1,1,3,3,3,2,1,2,3,1,1,1,1,-0.02912393292076776,-0.05123314435099924,305.07782983925534,2699063177.180908,0.8927194241841145,-2.742044896140854,-15.965861631150851,8.786197484140754,0.7883071529925403,-18.646226921118625,-6.070698682936026,-0.06402769614019255,-0.04249978065490723,0,560.4920654296875,564.0965685935086,567.7010717573296,552.2711087801051,258376
2024-05-22,1,1,3,1,3,2,1,2,3,1,1,1,3,-0.03331729643209336,-0.039210260926056506,326.6152286824228,-10818893643.69513,1.0304371800383354,-13.481371060427207,-31.188313413966462,8.838892345404464,1.7085749245758584,-18.846708799487338,-6.068377438650856,-0.06381842847186672,0.07000017166137695,0,562.1882934570312,554.9503459822831,566.1205053068124,551.8084353607068,242485
2024-05-21,1,2,3,3,3,1,1,2,3,1,1,1,2,-0.023270613080827562,-0.03137232208273222,460.2964238310051,7928650863.115295,1.1976790252362544,-15.21065898085844,-33.6532529973605,8.329527237119603,1.6573312969466099,-19.630188734605717,-6.067499301042872,-0.05165106455506094,-0.002500295639038086,0,557.0224609375,567.6335560020157,567.6335560020157,554.1696706735463,216724
2024-05-20,2,3,3,3,3,1,1,3,2,1,1,2,3,-0.008730945178504035,0.03672383625873277,427.8176961447973,5701205271.65564,1.2077128767838787,-15.561848827571836,-22.982460056178006,18.11889353067615,0.3765790881191418,-19.263817138954852,-5.790541147326209,0.0008603835292615436,0.09749996662139893,0,566.718017578125,568.6744468676326,571.0646447485238,563.7592263687399,158488
2024-05-17,3,2,3,2,3,1,1,2,2,1,1,2,3,0.025843576645514954,0.005396636867941229,420.8370455898257,2132257852.765686,1.0471745998267266,-18.07034990493254,-13.747991610523187,6.0001516887556505,-0.41699453992860663,-18.456824328724714,-5.55237810869977,-0.022935966893874143,0.1400001049041748,0,565.6771240234375,572.7608345113944,573.4354876112131,565.3108854499375,128857
2024-05-16,2,1,3,1,3,1,2,1,2,1,1,1,2,0.005296052118022532,-0.06717843184510341,372.30795627575236,-1504481540.685852,1.0926850515797746,-25.513500198484977,-4.562248394743051,-7.867146036321621,0.030560200778908357,-16.380774742616346,-6.130696327646497,-0.03234965533972406,0.0,0,572.4139404296875,561.9570223496088,573.1753002550222,560.1161821754586,208974
2024-05-15,1,2,3,3,3,1,2,1,2,1,1,3,2,-0.03949911952995988,-0.028095243862060304,283.5733960432621,3272256324.1154785,0.8396895830853008,-30.198427094596596,-8.026452762818838,-12.540302517711943,0.45046598970006846,-13.352883831948532,-6.110736819339081,0.05027553975106774,0.0025000572204589844,1,558.3717041015625,577.7724660012098,577.7724660012098,557.3501067215219,270349
2024-05-14,1,2,3,2,3,1,2,1,2,1,1,3,2,-0.023491182248355225,-0.01899632448980615,263.4037675262758,1481534499.3831787,0.7536190804633223,-37.96263310992596,1.2936255566054307,-18.165401912478444,0.7826257982009414,-7.974760932729705,-6.085103503047648,0.03403528965460749,-0.0025000572204589844,0,570.361083984375,571.5079766785701,577.762856606721,568.7804814971707,413032
2024-05-13,2,1,3,1,3,1,2,2,3,2,1,2,3,-0.017150784197508262,-0.06600898064306815,201.87475600904145,-1946200977.7026367,0.7551858915056622,-42.79914974480603,-1.4312724167956645,4.4212792132647,0.87014968591086,0.16288768773619822,-6.041465278868976,0.014602443590734593,0.02499997615814209,1,567.8842163085938,568.4046916237497,571.4887196326782,562.5931094315987,524187
2024-05-10,1,2,3,3,2,1,2,3,3,3,1,1,3,-0.04073247191695417,-0.019168135684636933,173.65266069143112,4411486418.366211,0.7067542024779101,-33.49590882393985,5.983925668485746,12.907792614793077,1.7317789176098084,11.126271311921215,-6.0154948404992865,-0.027060105679585417,0.10000002384185791,0,563.9520263671875,562.8340162860206,573.2909929301746,555.7599524987447,257606
2024-05-09,1,1,3,2,2,2,3,3,3,3,1,1,3,-0.02468627549158553,-0.07128525079656,184.27305253793642,1419578359.8891602,0.4412657259309315,-12.942380468714795,15.610811331213524,11.231730959315566,2.3436284594860384,26.137435077863586,-6.009244079813456,-0.1195258536325492,0.1549999713897705,1,560.3281860351562,551.2783404199299,562.776149097424,544.8499888301743,170962
2024-05-08,1,3,3,3,2,2,3,2,3,3,2,1,1,-0.045103963908606604,0.06055371577054336,98.99724887162353,4072324505.114441,0.4116739546166549,-9.817088709504723,20.662777342397177,2.0210189062616095,1.952121448824517,45.53213819816366,0.39572018912739537,-0.14870852490867775,-0.0074999332427978516,1,557.668212890625,551.2783904768997,561.1955976883626,544.8500383034393,260663
2024-05-07,3,2,3,1,2,1,3,1,2,3,2,1,2,0.055208389796852275,-0.019287659556272985,96.23956331573523,-3907700741.1254272,0.4242184627352666,-35.925740966877264,24.69740687366726,-21.839978528075804,0.7242747425714551,71.13580366032473,3.0238577683739933,-0.16372602442475429,0.004999995231628418,1,545.486083984375,558.6994381536017,558.6994381536017,542.7297062452025,299135
2024-05-06,2,3,2,1,1,1,3,1,2,3,2,1,1,-0.008518114022908918,0.029042447514350478,88.75544206226328,-5159918472.571289,0.10334874178914169,-61.81799855103048,21.81464490642964,-34.53196536925226,-0.05379857550516931,99.85251643152485,3.2302045995798494,-0.13926321551072876,-0.07249999046325684,0,561.2438354492188,553.3697643083149,566.9204161479321,551.4615117734576,225024
2024-05-03,3,2,2,2,1,1,3,2,2,3,2,1,1,0.019617568615360126,-0.02626482032822164,62.64449469779103,2155492789.74469,0.10860703748065775,-48.091328695277795,17.010616627535576,-4.224723378417046,0.4670038061346662,4.410583565325002,5.2551070341944595,-0.10501019652820365,-0.06749999523162842,0,554.3624877929688,552.2228801933605,558.9404115779718,551.0471048462357,361310
2024-05-02,1,1,2,2,1,1,2,1,3,3,3,1,1,-0.036090224363558576,-0.06016107299372875,37.698572192356714,2323556533.086914,0.041678739378418095,-18.307538067831885,-5.460161492729846,-8.677821102796166,0.8595903667651359,4.241437002406613,5.770703851556689,-0.11229264117875894,-0.03750002384185791,0,549.77490234375,567.1324707431077,578.4856908415949,545.8138077753135,564552
2024-04-30,2,3,1,2,2,2,1,1,2,2,2,1,1,-0.01183713396885655,0.027112796088695656,-58.21198098936973,-1109894992.4332275,0.3892803130021419,-6.364703875292559,-22.41522683109458,-10.998779833575014,0.721460475248648,-0.44545560879845425,4.027418661941823,-0.06921588420125246,-0.004999995231628418,0,568.5299682617188,579.2278297745186,587.1500191109266,565.9662980037713,541357
2024-04-29,3,2,1,3,2,3,1,2,3,2,2,1,2,0.030337401305831957,-0.0185445739287049,-51.43622839727872,3432551140.361023,0.41306285765059797,13.122160273276183,-11.797552418436759,-6.927581471121464,0.8051329676578791,-4.0991021006708195,4.751269062215904,-0.08166337022953513,0.004999995231628418,0,584.0370483398438,580.8566078025049,593.6073113901567,578.2640549365768,299671
2024-04-26,1,2,1,2,2,3,2,2,2,2,2,1,3,-0.027375566659568085,-0.024443095618814414,-59.87968156370411,1654534427.65271,0.47869378615151353,26.285783856205864,1.5051663395751511,-3.313650879681587,0.7277718508984488,-4.431807900012437,5.211169263228349,-0.09383142024159635,0.09250009059906006,0,586.8030395507812,577.9074301752867,589.5401818023494,544.5512479795096,384434
2024-04-25,2,1,1,1,2,3,2,2,2,2,3,1,1,-0.009000114478666887,-0.07177419098417781,-42.268056836352706,-3536711614.6727295,0.5049993093791468,31.2695240380578,5.883564192956143,3.0145380454269244,0.43051617669125175,-5.440114190813681,6.077838982372661,-0.03548414811297407,-0.06749987602233887,0,575.517333984375,565.7350100258532,576.7027564934378,550.3146349655233,406029
2024-04-24,1,3,2,1,2,3,3,2,2,2,3,2,2,-0.034093589265052904,0.0814677708220497,-9.859596184196073,-4237186870.842285,0.5312470191074737,33.53579046269144,20.52387369957749,9.172210991148216,0.6656136833406587,-5.3167704099150015,5.8309223306336335,0.015469124863536576,0.0,1,557.7742309570312,553.3794264259316,568.5010340444499,544.5416404565706,471961
2024-04-23,3,2,2,1,2,3,3,3,3,1,3,1,1,0.038585104697285155,-0.023012833072136196,36.28223520280549,-4039100985.05072,0.531157338061101,31.35727774690921,26.111405974771586,11.540138547189777,1.0922768597854726,-6.158214634584951,6.677129552984333,-0.029175629244741652,-0.007500171661376953,1,553.8709106445312,522.8566912007425,560.1739671971279,522.7506902496755,639060
